ELECTION,OFFICECD,RECIPID,CANCLASS,RECIPNAME,COMMITTEE,FILING,SCHEDULE,PAGENO,SEQUENCENO,REFNO,DATE,REFUNDDATE,NAME,C_CODE,STRNO,STRNAME,APARTMENT,BOROUGHCD,CITY,STATE,ZIP,OCCUPATION,EMPNAME,EMPSTRNO,EMPSTRNAME,EMPCITY,EMPSTATE,AMNT,MATCHAMNT,PREVAMNT,PAY_METHOD,INTERMNO,INTERMNAME,INTSTRNO,INTSTRNM,INTAPTNO,INTCITY,INTST,INTZIP,INTEMPNAME,INTEMPSTNO,INTEMPSTNM,INTEMPCITY,INTEMPST,INTOCCUPA,PURPOSECD,EXEMPTCD,ADJTYPECD,RR_IND,SEG_IND,INT_C_CODE
2009,1,260,P,"Thompson, Jr., William C",K,4,ABC,,,R0012964,12/1/2007,,"1 Christopher Realty, LLC",LLC,,,,M,New York,NY,10014,,,,,,,1000,0,0,2,,,,,,,,,,,,,,,,,,N,N,
2009,1,260,P,"Thompson, Jr., William C",K,1,ABC,,,R0001965,6/3/2006,,1199 SEIU NYS Political Action,PCOMP,,,,M,New York,NY,10036,,,,,,,4950,0,0,2,,,,,,,,,,,,,,,,,,N,N,
2009,1,51,P,"Avella, Tony",K,4,ABC,,,R0001623,10/29/2007,,126th Place Realty LLC,LLC,,,,Q,Flushing,NY,11368,,,,,,,500,0,0,2,,,,,,,,,,,,,,,,,,N,N,
2009,1,260,P,"Thompson, Jr., William C",K,2,ABC,,,R0003504,11/18/2006,,"126th Place Realty, LLC",LLC,,,,Q,Queens,NY,11368,,,,,,,1000,0,0,2,,,,,,,,,,,,,,,,,,N,N,
2009,1,51,P,"Avella, Tony",K,2,ABC,,,R0000537,10/5/2006,,151-45 Sixth Rd Whitestone Par,LLC,,,,M,New York,NY,10022,,,,,,,500,0,0,2,,,,,,,,,,,,,,,,,,N,N,
2009,1,51,P,"Avella, Tony",K,2,ABC,,,R0000871,11/20/2006,,151-45 Sixth Rd Whitestone Par,LLC,,,,M,New York,NY,10022,,,,,,,500,0,500,2,,,,,,,,,,,,,,,,,,N,N,
2009,1,260,P,"Thompson, Jr., William C",K,2,ABC,,,R0003386,11/11/2006,,"21st Century Partners, L.P.",PART,,,,Z,Dallas,TX,75201,,,,,,,3000,0,0,2,,,,,,,,,,,,,,,,,,N,N,
2009,1,260,P,"Thompson, Jr., William C",K,4,ABC,,,R0012362,10/6/2007,,225 Oak LLC,LLC,,,,M,New York,NY,10028,,,,,,,1000,0,0,2,,,,,,,,,,,,,,,,,,N,N,
2009,1,260,P,"Thompson, Jr., William C",K,1,ABC,,,R0002123,6/9/2006,,260-261 Madison Avenue LLC,LLC,,,,,New York,NY,,,,,,,,5000,0,0,2,,,,,,,,,,,,,,,,,,N,N,
2009,1,260,P,"Thompson, Jr., William C",K,2,M,,,R0002671,6/9/2006,7/12/2006,260-261 Madison Avenue LLC,LLC,,,,,New York,NY,,,,,,,,-50,0,0,0,,,,,,,,,,,,,,,,,2,N,N,
2009,1,51,P,"Avella, Tony",K,4,ABC,,,R0001381,9/18/2007,,346 West 46th Realty Managemen,LLC,,,,M,New York,NY,10036,,,,,,,2000,0,0,2,,,,,,,,,,,,,,,,,,N,N,
2009,1,51,P,"Avella, Tony",K,3,ABC,,,R0001271,6/25/2007,,34th Avenue Realty LLC,LLC,,,,Q,Flushing,NY,11368,,,,,,,250,0,0,2,,,,,,,,,,,,,,,,,,N,N,
2009,1,51,P,"Avella, Tony",K,4,ABC,,,R0001621,10/29/2007,,34th Avenue Realty LLC,LLC,,,,Q,Flushing,NY,11368,,,,,,,500,0,250,2,,,,,,,,,,,,,,,,,,N,N,
2009,1,260,P,"Thompson, Jr., William C",K,4,ABC,,,R0012364,10/6/2007,,"39-08 103rd Street, LLC",LLC,,,,M,New York,NY,10030,,,,,,,1000,0,0,2,,,,,,,,,,,,,,,,,,N,N,
2009,1,260,P,"Thompson, Jr., William C",K,2,ABC,,,R0002928,10/7/2006,,53 West 46 LLC,LLC,,,,Z,Louisville,KY,40220,,,,,,,2000,0,0,2,,,,,,,,,,,,,,,,,,N,N,
2009,1,260,P,"Thompson, Jr., William C",K,2,ABC,,,R0003547,11/23/2006,,53 West 46 LLC,LLC,,,,Z,Louisville,KY,40220,,,,,,,4000,0,2000,2,,,,,,,,,,,,,,,,,,N,N,
2009,1,260,P,"Thompson, Jr., William C",K,2,M,,,R0003548,11/23/2006,12/20/2006,53 West 46 LLC,LLC,,,,Z,Louisville,KY,40220,,,,,,,-1050,0,0,0,,,,,,,,,,,,,,,,,2,N,N,
2009,1,51,P,"Avella, Tony",K,2,ABC,,,R0000685,10/16/2006,,53 West 46 LLC,LLC,,,,Z,Louisville,KY,40220,,,,,,,1000,0,0,2,,,,,,,,,,,,,,,,,,N,N,
2009,1,260,P,"Thompson, Jr., William C",K,1,ABC,,,R0002167,6/17/2006,,ABO Build-PAC Inc.,PCOMP,,,,M,New York,NY,10038,,,,,,,2500,0,0,2,,,,,,,,,,,,,,,,,,N,N,
2009,1,260,P,"Thompson, Jr., William C",K,2,ABC,,,R0003368,11/4/2006,,ACEC New York City PAC,PCOMP,,,,M,New York,NY,10165,,,,,,,1000,0,0,2,,,,,,,,,,,,,,,,,,N,N,
2009,1,260,P,"Thompson, Jr., William C",K,9,ABC,,,R0018895,6/15/2009,,"Affordable Housing P.A.C., Ltd",PCOMP,,,,X,Bronx,NY,10463,,,,,,,500,0,0,2,,,,,,,,,,,,,,,,,,N,N,
2009,1,260,P,"Thompson, Jr., William C",K,12,ABC,,,R0022675,9/14/2009,,AFSCME,EMPO,,,,Z,Washington,DC,20036,,,,,,,4950,0,0,2,,,,,,,,,,,,,,,,,,N,N,
2009,1,260,P,"Thompson, Jr., William C",K,12,ABC,,,R0021894,9/14/2009,,AFSCME AFL CIO Local 420 PAC,PCOMP,,,,M,New York,NY,10037,,,,,,,2475,0,0,2,,,,,,,,,,,,,,,,,,N,N,
2009,1,260,P,"Thompson, Jr., William C",K,12,ABC,,,R0022894,9/19/2009,,AFSCME AFL CIO Local 420 PAC,PCOMP,,,,M,New York,NY,10037,,,,,,,2475,0,2475,2,,,,,,,,,,,,,,,,,,N,N,
2009,1,260,P,"Thompson, Jr., William C",K,3,ABC,,,R0004418,6/15/2007,,Aggressive Fire Protection LLC,LLC,,,,M,New York,NY,10010,,,,,,,4950,0,0,2,,,,,,,,,,,,,,,,,,N,N,
2009,1,260,P,"Thompson, Jr., William C",K,2,ABC,,,R0003508,11/18/2006,,Agusta & Ross Attorneys at Law,PART,,,,Q,Queens,NY,11385,,,,,,,1000,0,0,2,,,,,,,,,,,,,,,,,,N,N,
2009,1,260,P,"Thompson, Jr., William C",K,6,ABC,,,R0015752,12/20/2008,,Alfred P. Placeres Attorney at,OTHR,,,,M,New York,NY,10025,,,,,,,25,0,0,2,,,,,,,,,,,,,,,,,,N,N,
2009,1,260,P,"Thompson, Jr., William C",K,2,ABC,,,R0003509,11/18/2006,,Allegaert Berger & Vogel LLP,PART,,,,M,New York,NY,10006,,,,,,,2000,0,0,2,,,,,,,,,,,,,,,,,,N,N,
2009,1,260,P,"Thompson, Jr., William C",K,4,ABC,,,R0012744,11/17/2007,,Allister & Naudon,PART,,,,M,New York,NY,10018,,,,,,,1000,0,0,2,,,,,,,,,,,,,,,,,,N,N,
2009,1,260,P,"Thompson, Jr., William C",K,3,ABC,,,R0004342,6/9/2007,,AM&G Waterproofing LLC,LLC,,,,K,Brooklyn,NY,11205,,,,,,,1000,0,0,2,,,,,,,,,,,,,,,,,,N,N,
2009,1,260,P,"Thompson, Jr., William C",K,3,ABC,,,R0005023,7/9/2007,,Andersen Montry DeMarco,PART,,,,M,New York,NY,10016,,,,,,,1000,0,0,2,,,,,,,,,,,,,,,,,,N,N,
2009,1,260,P,"Thompson, Jr., William C",K,15,ABC,,,R0032304,11/2/2009,,"Andrew Cuomo 2010, Inc.",PCOMC,,,,Z,Irvington Rd.,NY,10532,,,,,,,4950,0,0,2,,,,,,,,,,,,,,,,,,N,N,
2009,1,260,P,"Thompson, Jr., William C",K,6,ABC,,,R0015296,8/8/2008,,Anita Durst 2006 Family Trust,OTHR,,,,M,New York,NY,10036,,,,,,,4950,0,0,2,,,,,,,,,,,,,,,,,,N,N,
2009,1,260,P,"Thompson, Jr., William C",K,1,ABC,,,R0002300,7/1/2006,,Arden Realty Limited Partnersh,PART,,,,Z,Los Angeles,CA,90025,,,,,,,5000,0,0,2,,,,,,,,,,,,,,,,,,N,N,
2009,1,260,P,"Thompson, Jr., William C",K,2,M,,,R0002672,7/1/2006,7/12/2006,Arden Realty Limited Partnersh,PART,,,,Z,Los Angeles,CA,90025,,,,,,,-50,0,0,0,,,,,,,,,,,,,,,,,2,N,N,
2009,1,260,P,"Thompson, Jr., William C",K,2,ABC,,,R0002869,9/23/2006,,"Arwin 88th Street, LLC",LLC,,,,Z,New Hyde Park,NY,11040,,,,,,,3950,0,0,2,,,,,,,,,,,,,,,,,,N,N,
2009,1,260,P,"Thompson, Jr., William C",K,4,ABC,,,R0013344,12/31/2007,,"Atla Associates, LLC",LLC,,,,Q,Queens,NY,11375,,,,,,,500,0,0,2,,,,,,,,,,,,,,,,,,N,N,
2009,1,260,P,"Thompson, Jr., William C",K,4,ABC,,,R0012480,10/27/2007,,Attucks Asset Management,LLC,,,,Z,Chicago,IL,60606,,,,,,,5000,0,0,2,,,,,,,,,,,,,,,,,,N,N,
2009,1,260,P,"Thompson, Jr., William C",K,4,M,,,R0013355,10/27/2007,1/2/2008,Attucks Asset Management,LLC,,,,Z,Chicago,IL,60606,,,,,,,-50,0,0,0,,,,,,,,,,,,,,,,,2,N,N,
2009,1,260,P,"Thompson, Jr., William C",K,5,M,,,R0013509,10/27/2007,1/17/2008,Attucks Asset Management,LLC,,,,Z,Chicago,IL,60606,,,,,,,-3950,0,0,0,,,,,,,,,,,,,,,,,2,N,N,
2009,1,260,P,"Thompson, Jr., William C",K,1,ABC,,,R0002329,7/8/2006,,ATU New York Cope Fund,PCOMP,,,,Z,Washington,DC,20016,,,,,,,3000,0,0,2,,,,,,,,,,,,,,,,,,N,N,
2009,1,260,P,"Thompson, Jr., William C",K,2,ABC,,,R0003370,11/4/2006,,ATU New York Cope Fund,PCOMP,,,,Z,Washington,DC,20016,,,,,,,1500,0,3000,2,,,,,,,,,,,,,,,,,,N,N,
2009,1,260,P,"Thompson, Jr., William C",K,4,ABC,,,R0012143,9/21/2007,,Aubrey Lees Attorney at Law,OTHR,,,,M,New York,NY,10003,,,,,,,75,0,0,2,,,,,,,,,,,,,,,,,,N,N,
2009,1,260,P,"Thompson, Jr., William C",K,9,ABC,,,R0018909,6/15/2009,,Autumn shoemaker Atty at Law,OTHR,,,,K,Brooklyn,NY,11226,,,,,,,175,0,0,2,,,,,,,,,,,,,,,,,,N,N,
2009,1,51,P,"Avella, Tony",K,4,ABC,,,R0001654,10/29/2007,,Barone Management LLC,LLC,,,,Z,White Plains,NY,10606,,,,,,,100,0,0,2,,,,,,,,,,,,,,,,,,N,N,
2009,1,260,P,"Thompson, Jr., William C",K,3,ABC,,,R0004188,5/19/2007,,"Bartlett Rochester, LLC",LLC,,,,Q,Queens,NY,11435,,,,,,,2000,0,0,2,,,,,,,,,,,,,,,,,,N,N,
2009,1,260,P,"Thompson, Jr., William C",K,2,ABC,,,R0003511,11/18/2006,,Bayrock/Sapir Organization LLC,LLC,,,,M,New York,NY,10022,,,,,,,2000,0,0,2,,,,,,,,,,,,,,,,,,N,N,
2009,1,260,P,"Thompson, Jr., William C",K,3,ABC,,,R0004189,5/19/2007,,Bayrock/Sapir Organization LLC,LLC,,,,M,New York,NY,10022,,,,,,,1000,0,2000,2,,,,,,,,,,,,,,,,,,N,N,
2009,1,51,P,"Avella, Tony",K,2,ABC,,,R0000539,10/5/2006,,Bayrock/Sapir Organization LLC,LLC,,,,M,New York,NY,10022,,,,,,,500,0,0,2,,,,,,,,,,,,,,,,,,N,N,
2009,1,51,P,"Avella, Tony",K,2,ABC,,,R0000870,11/20/2006,,Bayrock/Sapir Organization LLC,LLC,,,,M,New York,NY,10022,,,,,,,500,0,500,2,,,,,,,,,,,,,,,,,,N,N,
2009,1,51,P,"Avella, Tony",K,3,ABC,,,R0001262,6/25/2007,,Bill Lerner,PART,,,,M,New York,NY,10011,,,,,,,1000,0,0,2,2,"Petraro, Vincent L",,,,East Rockaway,NY,11518,Vincent L. Petraro PLLC,350,7th Avenue,New York,NY,Attorney,,,,N,N,IND
2009,1,260,P,"Thompson, Jr., William C",K,3,ABC,,,R0005025,7/9/2007,,Blue Wolf Capital Management,LLC,,,,M,New York,NY,10005,,,,,,,4950,0,0,4,,,,,,,,,,,,,,,,,,N,N,
2009,1,51,P,"Avella, Tony",K,2,ABC,,,R0000526,10/5/2006,,"Blvd. Plaza Associates, LLC",LLC,,,,Z,Freehold,NJ,7728,,,,,,,1250,0,0,2,,,,,,,,,,,,,,,,,,N,N,
2009,1,51,P,"Avella, Tony",K,4,ABC,,,R0001682,11/13/2007,,Bouley Bakery Operating LLC,LLC,,,,M,New York,NY,10013,,,,,,,500,0,0,2,3,"Bookman, Robert",,,,,,,,,,,,,,,,N,N,IND
2009,1,260,P,"Thompson, Jr., William C",K,4,ABC,,,R0013304,12/29/2007,,"Boymelgreen Developers, LLC",LLC,,,,K,Brooklyn,NY,11238,,,,,,,2000,0,0,2,,,,,,,,,,,,,,,,,,N,N,
2009,1,260,P,"Thompson, Jr., William C",K,4,ABC,,,R0013342,12/31/2007,,"Brab PAC, Inc",PCOMP,,,,Z,Yonkers,NY,10704,,,,,,,500,0,0,2,,,,,,,,,,,,,,,,,,N,N,
2009,1,260,P,"Thompson, Jr., William C",K,3,ABC,,,R0004190,5/19/2007,,Brookfield Financial Prop L.P.,PART,,,,M,New York,NY,10006,,,,,,,4950,0,0,2,,,,,,,,,,,,,,,,,,N,N,
2009,1,260,P,"Thompson, Jr., William C",K,4,ABC,,,R0013055,12/8/2007,,Brown McMahon & Weinraub LLC,LLC,,,,Z,Albany,NY,12210,,,,,,,500,0,0,2,,,,,,,,,,,,,,,,,,N,N,
2009,1,260,P,"Thompson, Jr., William C",K,3,ABC,,,R0004183,5/19/2007,,Building & Construction Trades,PCOMP,,,,M,New York,NY,10010,,,,,,,2000,0,0,2,,,,,,,,,,,,,,,,,,N,N,
2009,1,260,P,"Thompson, Jr., William C",K,4,ABC,,,R0013226,12/27/2007,,Cablevision Systems NY PAC,PCOMP,,,,Z,Bethpage,NY,11714,,,,,,,4950,0,0,2,,,,,,,,,,,,,,,,,,N,N,
2009,1,51,P,"Avella, Tony",K,4,ABC,,,R0001684,11/13/2007,,Cafe D'Alsace,LLC,,,,M,New York,NY,10128,,,,,,,250,0,0,2,3,"Bookman, Robert",,,,,,,,,,,,,,,,N,N,IND
2009,1,260,P,"Thompson, Jr., William C",K,6,ABC,,,R0015495,10/14/2008,,Candidate For A New Day Adrien,PCOMC,,,,Q,Saint Albans,NY,11412,,,,,,,100,0,0,2,,,,,,,,,,,,,,,,,,N,N,
2009,1,HM,NP,"Rogers, Roland C",H,11,ABC,,,R0000180,8/24/2009,,Capital One,CORP,,,,M,New York,NY,10031,,,,,,,50,0,0,2,,,,,,,,,,,,,,,,,,N,N,
2009,1,260,P,"Thompson, Jr., William C",K,4,ABC,,,R0013346,12/31/2007,,Caran Properties Realty LLC,LLC,,,,M,New York,NY,10155,,,,,,,500,0,0,2,,,,,,,,,,,,,,,,,,N,N,
2009,1,260,P,"Thompson, Jr., William C",K,3,ABC,,,R0003896,1/21/2007,,CDC 111th Street Realty LP,PART,,,,M,New York,NY,10011,,,,,,,1500,0,0,2,,,,,,,,,,,,,,,,,,N,N,
2009,1,260,P,"Thompson, Jr., William C",K,3,ABC,,,R0003897,1/21/2007,,CDC East 105th Street Realty L,PART,,,,M,New York,NY,10011,,,,,,,1500,0,0,2,,,,,,,,,,,,,,,,,,N,N,
2009,1,260,P,"Thompson, Jr., William C",K,1,ABC,,,R0001969,6/3/2006,,Central Brooklyn Med. Grp PAC,PCOMP,,,,K,Brooklyn,NY,11205,,,,,,,1000,0,0,2,,,,,,,,,,,,,,,,,,N,N,
2009,1,51,P,"Avella, Tony",K,3,ABC,,,R0001258,6/25/2007,,Champion Confucius LLC,LLC,,,,M,New York,NY,10017,,,,,,,1000,0,0,2,2,"Petraro, Vincent L",,,,East Rockaway,NY,11518,Vincent L. Petraro PLLC,350,7th Avenue,New York,NY,Attorney,,,,N,N,IND
2009,1,51,P,"Avella, Tony",K,2,ABC,,,R0000864,11/20/2006,,Charles M. Lombardi,PART,,,,Q,Bayside,NY,11358,,,,,,,500,0,0,2,,,,,,,,,,,,,,,,,,N,N,
2009,1,51,P,"Avella, Tony",K,4,ABC,,,R0001339,9/11/2007,,Charles M. Lombardi,PART,,,,Q,Bayside,NY,11358,,,,,,,500,0,500,2,,,,,,,,,,,,,,,,,,N,N,
2009,1,51,P,"Avella, Tony",K,9,ABC,,,R0003733,6/23/2009,,Christian Schneider,OTHR,,,,Z,Wall Township,NJ,7719,,,,,,,1,0,0,4,,,,,,,,,,,,,,,,,,N,N,
2009,1,260,P,"Thompson, Jr., William C",K,4,ABC,,,R0005265,7/21/2007,,"Citizens for Sports & Arts, In",PCOMP,,,,Q,Queens,NY,11101,,,,,,,1000,0,0,2,,,,,,,,,,,,,,,,,,N,N,
2009,1,260,P,"Thompson, Jr., William C",K,3,ABC,,,R0005230,7/11/2007,,City MAAC Realty LLC,LLC,,,,Z,Pelham,NY,10803,,,,,,,2000,0,0,2,,,,,,,,,,,,,,,,,,N,N,
2009,1,260,P,"Thompson, Jr., William C",K,2,ABC,,,R0003513,11/18/2006,,CJ Partners LLC,LLC,,,,M,,,,,,,,,,2000,0,0,2,,,,,,,,,,,,,,,,,,N,N,
2009,1,260,P,"Thompson, Jr., William C",K,2,ABC,,,R0003624,12/9/2006,,Clarmont Street Trust,PART,,,,Z,San Francisco,CA,94111,,,,,,,500,0,0,2,,,,,,,,,,,,,,,,,,N,N,
2009,1,51,P,"Avella, Tony",K,2,ABC,,,R0000524,10/5/2006,,"College Pt. Holdings 1, LLC",LLC,,,,Q,College Point,NY,11356,,,,,,,1500,0,0,2,,,,,,,,,,,,,,,,,,N,N,
2009,1,260,P,"Thompson, Jr., William C",K,1,ABC,,,R0002214,6/24/2006,,"Columbia Capital Management, L",LLC,,,,Z,Overland Park,KS,66202,,,,,,,4950,0,0,2,,,,,,,,,,,,,,,,,,N,N,
2009,1,260,P,"Thompson, Jr., William C",K,2,ABC,,,R0002789,9/10/2006,,Columbia Marketplace LLC,LLC,,,,,,,,,,,,,,1500,0,0,2,,,,,,,,,,,,,,,,,,N,N,
2009,1,260,P,"Thompson, Jr., William C",K,14,ABC,,,R0026708,10/19/2009,,Comm. For A Golden Future,PCOMC,,,,K,Brooklyn,NY,11209,,,,,,,450,0,2000,2,,,,,,,,,,,,,,,,,,N,N,
2009,1,260,P,"Thompson, Jr., William C",K,6,ABC,,,R0015497,10/14/2008,,Comm. For A Golden Future,PCOMC,,,,K,Brooklyn,NY,11209,,,,,,,2000,0,0,2,,,,,,,,,,,,,,,,,,N,N,
2009,1,260,P,"Thompson, Jr., William C",K,10,ABC,,,R0019615,7/26/2009,,Committee for a Golden Future,PCOMP,,,,K,Brooklyn,NY,11209,,,,,,,2500,0,0,2,,,,,,,,,,,,,,,,,,N,N,
2009,1,260,P,"Thompson, Jr., William C",K,15,ABC,,,R0032307,11/2/2009,,Committee to Re-Elect Ed Towns,PCOMZ,,,,K,Brooklyn,NY,11234,,,,,,,2000,0,0,2,,,,,,,,,,,,,,,,,,N,N,
2009,1,260,P,"Thompson, Jr., William C",K,2,ABC,,,R0003383,11/11/2006,,Con Edison Employees PAC,PCOMP,,,,M,New York,NY,10003,,,,,,,500,0,0,2,6,"Piscitello, Peter",,,,Bronx,NY,10463,"Wilson, Elser, Moskowitz, Edel",150,E. 42nd Street,New York,NY,Attorney,,,,N,N,IND
2009,1,260,P,"Thompson, Jr., William C",K,3,ABC,,,R0004238,5/29/2007,,Con Edison Employees PAC,PCOMP,,,,M,New York,NY,10003,,,,,,,1000,0,500,2,,,,,,,,,,,,,,,,,,N,N,
2009,1,51,P,"Avella, Tony",K,2,ABC,,,R0000677,10/16/2006,,Con Edison Employees PAC,PCOMP,,,,M,New York,NY,10003,,,,,,,500,0,0,2,,,,,,,,,,,,,,,,,,N,N,
2009,1,260,P,"Thompson, Jr., William C",K,3,ABC,,,R0004192,5/19/2007,,Constantinople & Vallone Consu,LLC,,,,M,New York,NY,10038,,,,,,,2000,0,0,2,,,,,,,,,,,,,,,,,,N,N,
2009,1,260,P,"Thompson, Jr., William C",K,3,M,,,R0005033,5/19/2007,7/6/2007,Constantinople & Vallone Consu,LLC,,,,M,New York,NY,10038,,,,,,,-2000,0,0,0,,,,,,,,,,,,,,,,,2,N,N,
2009,1,51,P,"Avella, Tony",K,4,ABC,,,R0001567,10/18/2007,,Constantinople & Vallone Consu,LLC,,,,M,New York,NY,10279,,,,,,,250,0,0,2,,,,,,,,,,,,,,,,,,N,N,
2009,1,260,P,"Thompson, Jr., William C",K,1,ABC,,,R0001921,5/30/2006,,Constantinople Consulting,OTHR,,,,M,New York,NY,10038,,,,,,,4000,0,0,2,,,,,,,,,,,,,,,,,,N,N,
2009,1,260,P,"Thompson, Jr., William C",K,2,ABC,,,R0003490,11/18/2006,,Constantinople Consulting,OTHR,,,,M,New York,NY,10038,,,,,,,1000,0,4000,2,,,,,,,,,,,,,,,,,,N,N,
2009,1,260,P,"Thompson, Jr., William C",K,2,M,,,R0003534,11/18/2006,12/20/2006,Constantinople Consulting,OTHR,,,,M,New York,NY,10038,,,,,,,-50,0,0,0,,,,,,,,,,,,,,,,,2,N,N,
2009,1,51,P,"Avella, Tony",K,2,ABC,,,R0000533,10/5/2006,,Constantinople Consulting,PART,,,,M,New York,NY,10038,,,,,,,1000,0,0,2,,,,,,,,,,,,,,,,,,N,N,
2009,1,51,P,"Avella, Tony",K,1,ABC,,,R0000344,6/26/2006,,Cord Meyer Development LLC,LLC,,,,Q,Forest Hills,NY,11375,,,,,,,500,0,0,2,,,,,,,,,,,,,,,,,,N,N,
2009,1,51,P,"Avella, Tony",K,2,ABC,,,R0000701,10/23/2006,,Cord Meyer Development LLC,LLC,,,,Q,Forest Hills,NY,11375,,,,,,,1000,0,500,2,,,,,,,,,,,,,,,,,,N,N,
2009,1,51,P,"Avella, Tony",K,3,ABC,,,R0001060,3/26/2007,,Cord Meyer Development LLC,LLC,,,,Q,Forest Hills,NY,11375,,,,,,,500,0,1500,2,,,,,,,,,,,,,,,,,,N,N,
2009,1,260,P,"Thompson, Jr., William C",K,4,ABC,,,R0012629,11/9/2007,,"Cordova, Smart & Williams, LLC",LLC,,,,M,New York,NY,10022,,,,,,,1500,0,0,2,,,,,,,,,,,,,,,,,,N,N,
2009,1,260,P,"Thompson, Jr., William C",K,9,ABC,,,R0018919,6/15/2009,,Correction Officers Benevolent,PCOMP,,,,M,New York,NY,10004,,,,,,,4950,0,0,2,,,,,,,,,,,,,,,,,,N,N,
2009,1,260,P,"Thompson, Jr., William C",K,1,ABC,,,R0002116,6/9/2006,,Council of Supervisors Cope Fu,PCOMP,,,,K,Brooklyn,NY,11242,,,,,,,1000,0,0,2,,,,,,,,,,,,,,,,,,N,N,
2009,1,260,P,"Thompson, Jr., William C",K,2,ABC,,,R0003369,11/4/2006,,Council of Supervisors Cope Fu,PCOMP,,,,K,Brooklyn,NY,11242,,,,,,,2000,0,1000,2,,,,,,,,,,,,,,,,,,N,N,
2009,1,260,P,"Thompson, Jr., William C",K,3,ABC,,,R0004184,5/19/2007,,Council of Supervisors Cope Fu,PCOMP,,,,K,Brooklyn,NY,11242,,,,,,,500,0,3000,2,,,,,,,,,,,,,,,,,,N,N,
2009,1,51,P,"Avella, Tony",K,3,ABC,,,R0001282,7/2/2007,,Council of Supervisors Cope Fu,PCOMP,,,,K,Brooklyn,NY,11242,,,,,,,250,0,0,2,,,,,,,,,,,,,,,,,,N,N,
2009,1,51,P,"Avella, Tony",K,5,ABC,,,R0002155,6/16/2008,,Council of Supervisors Cope Fu,PCOMP,,,,K,Brooklyn,NY,11242,,,,,,,500,0,250,2,,,,,,,,,,,,,,,,,,N,N,
2009,1,260,P,"Thompson, Jr., William C",K,2,ABC,,,R0003367,11/4/2006,,Council of Urban Professionals,PCOMP,,,,M,New York,NY,10017,,,,,,,1000,0,0,2,,,,,,,,,,,,,,,,,,N,N,
2009,1,260,P,"Thompson, Jr., William C",K,2,ABC,,,R0003384,11/11/2006,,Council of Urban Professionals,PCOMP,,,,M,New York,NY,10017,,,,,,,3000,0,1000,2,,,,,,,,,,,,,,,,,,N,N,
2009,1,260,P,"Thompson, Jr., William C",K,3,ABC,,,R0005228,7/11/2007,,Council of Urban Professionals,PCOMP,,,,M,New York,NY,10017,,,,,,,1000,0,4000,2,,,,,,,,,,,,,,,,,,N,N,
2009,1,260,P,"Thompson, Jr., William C",K,4,M,,,R0005509,7/11/2007,8/3/2007,Council of Urban Professionals,PCOMP,,,,M,New York,NY,10017,,,,,,,-50,0,0,0,,,,,,,,,,,,,,,,,2,N,N,
2009,1,260,P,"Thompson, Jr., William C",K,2,ABC,,,R0003501,11/18/2006,,Cozen O'Connor State & Local P,PCOMP,,,,Z,Philadelphia,PA,19103,,,,,,,4950,0,0,2,,,,,,,,,,,,,,,,,,N,N,
2009,1,260,P,"Thompson, Jr., William C",K,5,M,,,R0013555,11/18/2006,1/22/2008,Cozen O'Connor State & Local P,PCOMP,,,,Z,Philadelphia,PA,19103,,,,,,,-4950,0,0,0,,,,,,,,,,,,,,,,,2,N,N,
2009,1,260,P,"Thompson, Jr., William C",K,15,ABC,,,R0029266,10/22/2009,,Crowley For Congress,PCOMC,,,,Q,Elmhurst,NY,11373,,,,,,,4950,0,0,2,,,,,,,,,,,,,,,,,,N,N,
2009,1,260,P,"Thompson, Jr., William C",K,1,ABC,,,R0002217,6/24/2006,,"CS2, LLC",LLC,,,,Z,Ambler,PA,19002,,,,,,,4950,0,0,2,,,,,,,,,,,,,,,,,,N,N,
2009,1,260,P,"Thompson, Jr., William C",K,11,ABC,,,R0020710,8/18/2009,,CSE PAF Civil Serv Employees P,PCOMP,,,,Z,Albany,NY,12210,,,,,,,4950,0,0,2,,,,,,,,,,,,,,,,,,N,N,
2009,1,260,P,"Thompson, Jr., William C",K,3,ABC,,,R0004185,5/19/2007,,CWA District One PAC,PCOMP,,,,M,New York,NY,10005,,,,,,,2500,0,0,2,,,,,,,,,,,,,,,,,,N,N,
2009,1,260,P,"Thompson, Jr., William C",K,9,ABC,,,R0018922,6/15/2009,,CWA District One PAC,PCOMP,,,,M,New York,NY,10005,,,,,,,2500,0,2500,2,,,,,,,,,,,,,,,,,,N,N,
2009,1,260,P,"Thompson, Jr., William C",K,10,M,,,R0019521,6/15/2009,7/23/2009,CWA District One PAC,PCOMP,,,,M,New York,NY,10005,,,,,,,-50,0,0,0,,,,,,,,,,,,,,,,,2,N,N,
2009,1,260,P,"Thompson, Jr., William C",K,3,ABC,,,R0004420,6/15/2007,,D.C. 2 Design Consortium LLC,LLC,,,,M,New York,NY,10016,,,,,,,1000,0,0,2,,,,,,,,,,,,,,,,,,N,N,
2009,1,260,P,"Thompson, Jr., William C",K,2,ABC,,,R0003515,11/18/2006,,"Dawntreader Ventures, LLC",LLC,,,,Z,Tinton Falls,NJ,7724,,,,,,,1500,0,0,2,,,,,,,,,,,,,,,,,,N,N,
2009,1,260,P,"Thompson, Jr., William C",K,1,ABC,,,R0002296,7/1/2006,,"DCC2, LLC",LLC,,,,M,New York,NY,10019,,,,,,,500,0,0,2,,,,,,,,,,,,,,,,,,N,N,
2009,1,260,P,"Thompson, Jr., William C",K,4,ABC,,,R0013059,12/8/2007,,"Delaney Associates, LP",PART,,,,Q,Queens,NY,11354,,,,,,,500,0,0,2,,,,,,,,,,,,,,,,,,N,N,
2009,1,260,P,"Thompson, Jr., William C",K,16,ABC,,,R0034538,12/23/2009,,Dinapoli 2010,PCOMC,,,,Z,Mineola,NY,11501,,,,,,,5000,0,0,2,,,,,,,,,,,,,,,,,,N,N,
2009,1,260,P,"Thompson, Jr., William C",K,11,ABC,,,R0020807,8/18/2009,,District Council 1707 AFSCME,PCOMP,,,,M,New York,NY,10013,,,,,,,4350,0,600,2,,,,,,,,,,,,,,,,,,N,N,
2009,1,260,P,"Thompson, Jr., William C",K,2,ABC,,,R0003494,11/18/2006,,District Council 1707 AFSCME,PCOMP,,,,M,New York,NY,10013,,,,,,,500,0,0,2,5,"Pitta, Vincent F",,,,Staten Island,NY,10305,Pitta & Dreier,499,Park Avenue,New York,NY,Attorney,,,,N,N,IND
2009,1,260,P,"Thompson, Jr., William C",K,6,ABC,,,R0015508,10/14/2008,,District Council 1707 AFSCME,PCOMP,,,,M,New York,NY,10013,,,,,,,100,0,500,2,,,,,,,,,,,,,,,,,,N,N,
2009,1,260,P,"Thompson, Jr., William C",K,2,ABC,,,R0003495,11/18/2006,,District Council 37 PAC,PCOMP,,,,M,New York,NY,10007,,,,,,,1000,0,0,2,5,"Pitta, Vincent F",,,,Staten Island,NY,10305,Pitta & Dreier,499,Park Avenue,New York,NY,Attorney,,,,N,N,IND
2009,1,260,P,"Thompson, Jr., William C",K,2,ABC,,,R0003502,11/18/2006,,District Council 37 PAC,PCOMP,,,,M,New York,NY,10007,,,,,,,2000,0,0,2,,,,,,,,,,,,,,,,,,N,N,
2009,1,260,P,"Thompson, Jr., William C",K,4,ABC,,,R0012477,10/27/2007,,District Council 37 PAC,PCOMP,,,,M,New York,NY,10007,,,,,,,1000,0,3000,2,,,,,,,,,,,,,,,,,,N,N,
2009,1,260,P,"Thompson, Jr., William C",K,5,M,,,R0013508,10/27/2007,1/17/2008,District Council 37 PAC,PCOMP,,,,M,New York,NY,10007,,,,,,,-1000,0,0,0,,,,,,,,,,,,,,,,,2,N,N,
2009,1,260,P,"Thompson, Jr., William C",K,4,ABC,,,R0013174,12/15/2007,,"DMJM & Harris, PAC",PCOMP,,,,M,New York,NY,10158,,,,,,,1000,0,0,2,,,,,,,,,,,,,,,,,,N,N,
2009,1,260,P,"Thompson, Jr., William C",K,8,ABC,,,R0017192,4/2/2009,,Drive Political Fund,PCOMP,,,,Z,Washington,DC,20001,,,,,,,500,0,0,2,,,,,,,,,,,,,,,,,,N,N,
2009,1,260,P,"Thompson, Jr., William C",K,4,ABC,,,R0012960,12/1/2007,,"Ecco Development, LLC",LLC,,,,Z,Yonkers,NY,10701,,,,,,,500,0,0,2,,,,,,,,,,,,,,,,,,N,N,
2009,1,51,P,"Avella, Tony",K,2,ABC,,,R0000590,10/10/2006,,Edgewater Industrial Park LLC,LLC,,,,Z,Bethpage,NY,11714,,,,,,,1000,0,0,2,,,,,,,,,,,,,,,,,,N,N,
2009,1,51,P,"Avella, Tony",K,4,ABC,,,R0001547,10/18/2007,,Edgewater Industrial Park LLC,LLC,,,,Z,Bethpage,NY,11714,,,,,,,1000,0,1000,2,,,,,,,,,,,,,,,,,,N,N,
2009,1,260,P,"Thompson, Jr., William C",K,2,ABC,,,R0003581,12/3/2006,,"Edward T, Hanley, Jr. Attorn",OTHR,,,,Z,Mt. Prospect,IL,60056,,,,,,,100,0,0,2,,,,,,,,,,,,,,,,,,N,N,
2009,1,260,P,"Thompson, Jr., William C",K,2,ABC,,,R0003719,1/2/2007,,EIS PAC,PCOMP,,,,M,New York,NY,10016,,,,,,,1000,0,0,2,,,,,,,,,,,,,,,,,,N,N,
2009,1,260,P,"Thompson, Jr., William C",K,4,ABC,,,R0012961,12/1/2007,,EIS PAC,PCOMP,,,,M,New York,NY,10016,,,,,,,1000,0,1000,2,,,,,,,,,,,,,,,,,,N,N,
2009,1,260,P,"Thompson, Jr., William C",K,2,ABC,,,R0003517,11/18/2006,,Elmrock Partners,PART,,,,M,New York,NY,10021,,,,,,,5000,0,0,2,,,,,,,,,,,,,,,,,,N,N,
2009,1,260,P,"Thompson, Jr., William C",K,16,M,,,R0036131,11/18/2006,11/30/2006,Elmrock Partners,PART,,,,M,New York,NY,10021,,,,,,,-50,0,0,0,,,,,,,,,,,,,,,,,2,N,N,
2009,1,260,P,"Thompson, Jr., William C",K,2,M,,,R0003536,11/18/2006,1/11/2007,Elmrock Partners,PART,,,,M,New York,NY,10021,,,,,,,-50,0,0,0,,,,,,,,,,,,,,,,,2,N,N,
2009,1,260,P,"Thompson, Jr., William C",K,1,ABC,,,R0001930,5/30/2006,,ENPAC - New York,PCOMP,,,,Z,White Plains,NY,10601,,,,,,,1000,0,0,2,,,,,,,,,,,,,,,,,,N,N,
2009,1,260,P,"Thompson, Jr., William C",K,3,ABC,,,R0003904,2/3/2007,,ENPAC - New York,PCOMP,,,,Z,White Plains,NY,10601,,,,,,,1000,0,1000,2,,,,,,,,,,,,,,,,,,N,N,
2009,1,260,P,"Thompson, Jr., William C",K,4,ABC,,,R0013172,12/15/2007,,ENPAC - New York,PCOMP,,,,Z,White Plains,NY,10601,,,,,,,1000,0,2000,2,,,,,,,,,,,,,,,,,,N,N,
2009,1,51,P,"Avella, Tony",K,2,ABC,,,R0000418,8/8/2006,,Federal Express NYS PAC,PCOMP,,,,Z,Memphis,TN,38120,,,,,,,1500,0,0,2,,,,,,,,,,,,,,,,,,N,N,
2009,1,260,P,"Thompson, Jr., William C",K,3,ABC,,,R0003979,4/28/2007,,Ferber Chan Essner & Coller LL,PART,,,,M,New York,NY,10036,,,,,,,1000,0,0,2,,,,,,,,,,,,,,,,,,N,N,
2009,1,260,P,"Thompson, Jr., William C",K,2,ABC,,,R0003740,1/8/2007,,"FJL Associates, LLC",LLC,,,,Z,North Salem,NY,10560,,,,,,,500,0,0,2,,,,,,,,,,,,,,,,,,N,N,
2009,1,51,P,"Avella, Tony",K,3,ABC,,,R0001273,6/25/2007,,Fodera Enterprise LLC,LLC,,,,Q,Corona,NY,11368,,,,,,,250,0,0,2,,,,,,,,,,,,,,,,,,N,N,
2009,1,51,P,"Avella, Tony",K,4,ABC,,,R0001620,10/29/2007,,Fodera Enterprise LLC,LLC,,,,Q,Corona,NY,11368,,,,,,,500,0,250,2,,,,,,,,,,,,,,,,,,N,N,
2009,1,260,P,"Thompson, Jr., William C",K,2,ABC,,,R0003519,11/18/2006,,"Fodera Enterprise, LLC",LLC,,,,Q,Queens,NY,11368,,,,,,,1000,0,0,2,,,,,,,,,,,,,,,,,,N,N,
2009,1,260,P,"Thompson, Jr., William C",K,4,ABC,,,R0012965,12/1/2007,,"Fodera Enterprise, LLC",LLC,,,,Q,Queens,NY,11368,,,,,,,1000,0,1000,2,,,,,,,,,,,,,,,,,,N,N,
2009,1,260,P,"Thompson, Jr., William C",K,3,ABC,,,R0003950,4/28/2007,,Ford Management LLC,LLC,,,,Z,Monsey,NY,10952,,,,,,,500,0,0,2,,,,,,,,,,,,,,,,,,N,N,
2009,1,51,P,"Avella, Tony",K,1,ABC,,,R0000334,6/19/2006,,Francesca Associates LLC,LLC,,,,Q,Bellerose,NY,11426,,,,,,,500,0,0,2,,,,,,,,,,,,,,,,,,N,N,
2009,1,51,P,"Avella, Tony",K,3,ABC,,,R0001196,6/4/2007,,Francesca Associates LLC,LLC,,,,Q,Bellerose,NY,11426,,,,,,,500,0,500,2,,,,,,,,,,,,,,,,,,N,N,
2009,1,260,P,"Thompson, Jr., William C",K,2,ABC,,,R0003670,12/16/2006,,Friends of Cultural Institutio,PCOMP,,,,Z,Albany,NY,12210,,,,,,,250,0,0,2,,,,,,,,,,,,,,,,,,N,N,
2009,1,260,P,"Thompson, Jr., William C",K,9,ABC,,,R0019369,7/11/2009,,Friends of Olanike Alabi,PCOMC,,,,K,Brooklyn,NY,11238,,,,,,,100,0,0,2,,,,,,,,,,,,,,,,,,N,N,
2009,1,260,P,"Thompson, Jr., William C",K,11,ABC,,,R0021667,8/31/2009,,Friends of Robert Cornegy Jr.,PCOMC,,,,K,Brooklyn,NY,11221,,,,,,,100,0,0,2,,,,,,,,,,,,,,,,,,N,N,
2009,1,260,P,"Thompson, Jr., William C",K,14,ABC,,,R0029131,10/19/2009,,Friends of Schneiderman,PCOMC,,,,M,New York,NY,10033,,,,,,,3000,0,0,2,,,,,,,,,,,,,,,,,,N,N,
2009,1,260,P,"Thompson, Jr., William C",K,14,ABC,,,R0026323,10/17/2009,,Friends of Steve Cohn-00's,PCOMP,,,,K,Brooklyn,NY,11241,,,,,,,500,0,500,2,,,,,,,,,,,,,,,,,,N,N,
2009,1,260,P,"Thompson, Jr., William C",K,5,ABC,,,R0014917,7/7/2008,,Friends of Steve Cohn-00's,PCOMP,,,,K,Brooklyn,NY,11241,,,,,,,500,0,0,2,,,,,,,,,,,,,,,,,,N,N,
2009,1,260,P,"Thompson, Jr., William C",K,14,ABC,,,R0026099,10/15/2009,,Friends of Uma Sengupta,PCOMC,,,,Q,Flushing,NY,11367,,,,,,,100,0,0,2,,,,,,,,,,,,,,,,,,N,N,
2009,1,260,P,"Thompson, Jr., William C",K,1,ABC,,,R0002124,6/9/2006,,Fulbright & Jaworski L.L.P.,PART,,,,M,New York,NY,10103,,,,,,,3000,0,0,2,,,,,,,,,,,,,,,,,,N,N,
2009,1,260,P,"Thompson, Jr., William C",K,3,ABC,,,R0004065,5/12/2007,,Fulbright & Jaworski L.L.P.,PART,,,,M,New York,NY,10103,,,,,,,1950,0,3000,2,,,,,,,,,,,,,,,,,,N,N,
2009,1,260,P,"Thompson, Jr., William C",K,8,M,,,R0017780,5/12/2007,5/11/2009,Fulbright & Jaworski L.L.P.,PART,,,,M,New York,NY,10103,,,,,,,-500,0,0,0,,,,,,,,,,,,,,,,,2,N,N,
2009,1,260,P,"Thompson, Jr., William C",K,12,ABC,,,R0022895,9/19/2009,,Gibson Dunn & Crutcher LLP,PCOMP,,,,Z,Los Angeles,CA,90071,,,,,,,4950,0,0,2,,,,,,,,,,,,,,,,,,N,N,
2009,1,260,P,"Thompson, Jr., William C",K,14,M,,,R0023344,9/19/2009,9/29/2009,Gibson Dunn & Crutcher LLP,PCOMP,,,,Z,Los Angeles,CA,90071,,,,,,,-4950,0,0,0,,,,,,,,,,,,,,,,,2,N,N,
2009,1,260,P,"Thompson, Jr., William C",K,1,ABC,,,R0001973,6/3/2006,,"Gibson, Dunn & Crutcher LLP",LLC,,,,Z,Los Angeles,CA,90071,,,,,,,4950,0,0,2,,,,,,,,,,,,,,,,,,N,N,
2009,1,260,P,"Thompson, Jr., William C",K,8,M,,,R0017781,6/3/2006,5/11/2009,"Gibson, Dunn & Crutcher LLP",LLC,,,,Z,Los Angeles,CA,90071,,,,,,,-1000,0,0,0,,,,,,,,,,,,,,,,,2,N,N,
2009,1,51,P,"Avella, Tony",K,3,ABC,,,R0001260,6/25/2007,,GMC LLC,LLC,,,,M,New York,NY,10021,,,,,,,1000,0,0,2,2,"Petraro, Vincent L",,,,East Rockaway,NY,11518,Vincent L. Petraro PLLC,350,7th Avenue,New York,NY,Attorney,,,,N,N,IND
2009,1,51,P,"Avella, Tony",K,3,ABC,,,R0001263,6/25/2007,,GMC LLC,LLC,,,,M,New York,NY,10021,,,,,,,500,0,0,2,2,"Petraro, Vincent L",,,,East Rockaway,NY,11518,Vincent L. Petraro PLLC,350,7th Avenue,New York,NY,Attorney,,,,N,N,IND
2009,1,260,P,"Thompson, Jr., William C",K,3,ABC,,,R0004198,5/19/2007,,Goldberg & Cohn LLP,PART,,,,K,Brooklyn,NY,11241,,,,,,,250,0,0,2,,,,,,,,,,,,,,,,,,N,N,
2009,1,51,P,"Avella, Tony",K,2,ABC,,,R0000535,10/5/2006,,Green Hill Development LLC,LLC,,,,Q,Flushing,NY,11358,,,,,,,500,0,0,2,,,,,,,,,,,,,,,,,,N,N,
2009,1,260,P,"Thompson, Jr., William C",K,1,ABC,,,R0002187,6/10/2006,,Greenberg Traurig PAC,PCOMZ,,,,M,New York,NY,10022,,,,,,,1000,0,0,2,,,,,,,,,,,,,,,,,,N,N,
2009,1,260,P,"Thompson, Jr., William C",K,6,ABC,,,R0016422,1/11/2009,,Gregory D. Harmon Atty at Law,OTHR,,,,X,Bronx,NY,10451,,,,,,,100,0,0,2,,,,,,,,,,,,,,,,,,N,N,
2009,1,260,P,"Thompson, Jr., William C",K,3,ABC,,,R0004194,5/19/2007,,H & M LLC,LLC,,,,Q,Queens,NY,11372,,,,,,,1000,0,0,2,,,,,,,,,,,,,,,,,,N,N,
2009,1,260,P,"Thompson, Jr., William C",K,2,ABC,,,R0002915,10/7/2006,,HANYC - PAC,PCOMP,,,,M,New York,NY,10022,,,,,,,500,0,0,2,,,,,,,,,,,,,,,,,,N,N,
2009,1,260,P,"Thompson, Jr., William C",K,3,ABC,,,R0004244,5/26/2007,,"Harvard Protection Services, L",LLC,,,,M,New York,NY,10018,,,,,,,500,0,0,2,,,,,,,,,,,,,,,,,,N,N,
2009,1,260,P,"Thompson, Jr., William C",K,4,ABC,,,R0013231,12/27/2007,,"Hasa Construction, LLC",LLC,,,,M,New York,NY,10005,,,,,,,1000,0,0,2,,,,,,,,,,,,,,,,,,N,N,
2009,1,260,P,"Thompson, Jr., William C",K,3,ABC,,,R0004425,6/15/2007,,"Herrick, Feinstein LLP",PART,,,,M,New York,NY,10016,,,,,,,500,0,0,2,,,,,,,,,,,,,,,,,,N,N,
2009,1,260,P,"Thompson, Jr., William C",K,1,ABC,,,R0001912,5/5/2006,,"Hiscock & Barclay, LLP",PART,,,,Z,Syracuse,NY,13202,,,,,,,2000,0,0,2,,,,,,,,,,,,,,,,,,N,N,
2009,1,260,P,"Thompson, Jr., William C",K,2,ABC,,,R0003549,11/23/2006,,"Hiscock & Barclay, LLP",PART,,,,Z,Syracuse,NY,13202,,,,,,,5000,0,2000,2,,,,,,,,,,,,,,,,,,N,N,
2009,1,260,P,"Thompson, Jr., William C",K,2,M,,,R0003550,11/23/2006,12/20/2006,"Hiscock & Barclay, LLP",PART,,,,Z,Syracuse,NY,13202,,,,,,,-2050,0,0,0,,,,,,,,,,,,,,,,,2,N,N,
2009,1,51,P,"Avella, Tony",K,2,ABC,,,R0000889,12/4/2006,,HK Management,LLC,,,,Z,Elmont,NY,11003,,,,,,,500,0,0,2,,,,,,,,,,,,,,,,,,N,N,
2009,1,51,P,"Avella, Tony",K,3,ABC,,,R0001235,6/11/2007,,HK Management,LLC,,,,Z,Elmont,NY,11003,,,,,,,500,0,500,2,,,,,,,,,,,,,,,,,,N,N,
2009,1,260,P,"Thompson, Jr., William C",K,2,ABC,,,R0003521,11/18/2006,,"Hudson Capital, LLC",LLC,,,,Z,Los Angeles,CA,90025,,,,,,,4950,0,0,2,,,,,,,,,,,,,,,,,,N,N,
2009,1,260,P,"Thompson, Jr., William C",K,4,ABC,,,R0012746,11/17/2007,,Hutch Realty Partners LLC,LLC,,,,Z,New Rochelle,NY,10801,,,,,,,2500,0,0,2,,,,,,,,,,,,,,,,,,N,N,
2009,1,260,P,"Thompson, Jr., William C",K,4,ABC,,,R0013149,12/15/2007,,I.B.E.W. Educational Committee,PCOMP,,,,Z,Washington,DC,20001,,,,,,,500,0,0,2,,,,,,,,,,,,,,,,,,N,N,
2009,1,260,P,"Thompson, Jr., William C",K,9,ABC,,,R0019019,6/26/2009,,I.B.E.W. Educational Committee,PCOMP,,,,Z,Washington,DC,20001,,,,,,,1000,0,500,2,,,,,,,,,,,,,,,,,,N,N,
2009,1,260,P,"Thompson, Jr., William C",K,2,ABC,,,R0003389,11/18/2006,,IBEW Educational Committee,PCOMP,,,,Z,Washington,DC,20001,,,,,,,1000,0,0,2,5,"Pitta, Vincent F",,,,Staten Island,NY,10305,Pitta & Dreier,499,Park Avenue,New York,NY,Attorney,,,,N,N,IND
2009,1,260,P,"Thompson, Jr., William C",K,6,ABC,,,R0016261,12/24/2008,,Int'l Union of Operating Engin,PCOMP,,,,Q,Flushing,NY,11354,,,,,,,25,0,0,2,,,,,,,,,,,,,,,,,,N,N,
2009,1,260,P,"Thompson, Jr., William C",K,2,ABC,,,R0003724,1/8/2007,,Ira Judelson Bail Bondsman,OTHR,,,,M,New York,NY,10007,,,,,,,500,0,0,2,,,,,,,,,,,,,,,,,,N,N,
2009,1,260,P,"Thompson, Jr., William C",K,5,ABC,,,R0014022,4/11/2008,,IUOE Local 14-14B,PCOMP,,,,Q,Flushing,NY,11354,,,,,,,500,0,0,2,,,,,,,,,,,,,,,,,,N,N,
2009,1,51,P,"Avella, Tony",K,4,ABC,,,R0001572,10/18/2007,,IUOE Local 14-14B,PCOMP,,,,Q,Flushing,NY,11354,,,,,,,1000,0,0,2,,,,,,,,,,,,,,,,,,N,N,
2009,1,260,P,"Thompson, Jr., William C",K,2,ABC,,,R0003371,11/4/2006,,IUOE Local Union 15,PCOMP,,,,M,New York,NY,10011,,,,,,,500,0,0,2,,,,,,,,,,,,,,,,,,N,N,
2009,1,51,P,"Avella, Tony",K,2,ABC,,,R0000543,10/5/2006,,J. Adams Consulting LLC,LLC,,,,M,New York,NY,10004,,,,,,,500,0,0,2,,,,,,,,,,,,,,,,,,N,N,
2009,1,51,P,"Avella, Tony",K,3,ABC,,,R0001283,7/2/2007,,J. Adams Consulting LLC,LLC,,,,M,New York,NY,10004,,,,,,,250,0,500,2,,,,,,,,,,,,,,,,,,N,N,
2009,1,51,P,"Avella, Tony",K,4,ABC,,,R0001639,10/29/2007,,J. Adams Consulting LLC,LLC,,,,M,New York,NY,10004,,,,,,,250,0,750,2,,,,,,,,,,,,,,,,,,N,N,
2009,1,260,P,"Thompson, Jr., William C",K,1,ABC,,,R0001899,5/5/2006,,"J. Adams Consulting, LLC",PART,,,,M,New York,NY,10004,,,,,,,1000,0,0,4,,,,,,,,,,,,,,,,,,N,N,
2009,1,260,P,"Thompson, Jr., William C",K,2,ABC,,,R0003546,11/23/2006,,"J. Adams Consulting, LLC",PART,,,,M,New York,NY,10004,,,,,,,500,0,1000,4,,,,,,,,,,,,,,,,,,N,N,
2009,1,260,P,"Thompson, Jr., William C",K,4,ABC,,,R0005940,8/4/2007,,"J. Adams Consulting, LLC",PART,,,,M,New York,NY,10004,,,,,,,500,0,1500,2,,,,,,,,,,,,,,,,,,N,N,
2009,1,260,P,"Thompson, Jr., William C",K,4,ABC,,,R0012967,12/1/2007,,"J. Adams Consulting, LLC",PART,,,,M,New York,NY,10004,,,,,,,1000,0,2000,4,,,,,,,,,,,,,,,,,,N,N,
2009,1,260,P,"Thompson, Jr., William C",K,3,ABC,,,R0003872,1/28/2007,,J. Bruce Maffeo Attorney at La,OTHR,,,,M,New York,NY,10279,,,,,,,250,0,0,2,,,,,,,,,,,,,,,,,,N,N,
2009,1,260,P,"Thompson, Jr., William C",K,4,ABC,,,R0012261,10/3/2007,,John H. O'Donnell Atty at Law,OTHR,,,,M,New York,NY,10118,,,,,,,500,0,0,2,,,,,,,,,,,,,,,,,,N,N,
2009,1,51,P,"Avella, Tony",K,4,ABC,,,R0001802,12/17/2007,,Jordan I Parking LLC,LLC,,,,M,New York,NY,10038,,,,,,,250,0,0,2,2,"Petraro, Vincent L",,,,East Rockaway,NY,11518,Vincent L. Petraro PLLC,350,7th Avenue,New York,NY,Attorney,,,,N,N,IND
2009,1,260,P,"Thompson, Jr., William C",K,3,ABC,,,R0003893,1/21/2007,,"Julie Blackman & Ass, LLC",LLC,,,,M,New York,NY,10016,,,,,,,500,0,0,2,,,,,,,,,,,,,,,,,,N,N,
2009,1,260,P,"Thompson, Jr., William C",K,4,ABC,,,R0013348,12/31/2007,,Katz Realty Group,PART,,,,Q,Queens,NY,11362,,,,,,,500,0,0,2,,,,,,,,,,,,,,,,,,N,N,
2009,1,260,P,"Thompson, Jr., William C",K,4,ABC,,,R0012971,12/1/2007,,Kenneth J Montgomery PLLC,PART,,,,K,Brooklyn,NY,11201,,,,,,,300,0,0,2,,,,,,,,,,,,,,,,,,N,N,
2009,1,HM,NP,"Rogers, Roland C",H,12,ABC,,,R0000193,9/5/2009,,KEV COPY COMPANY,OTHR,,,,M,New York,NY,10029,,,,,,,50,0,0,2,,,,,,,,,,,,,,,,,,N,N,
2009,1,HM,NP,"Rogers, Roland C",H,12,ABC,,,R0000194,9/5/2009,,KEV COPY COMPANY,OTHR,,,,M,New York,NY,10029,,,,,,,50,0,0,2,,,,,,,,,,,,,,,,,,N,N,
2009,1,260,P,"Thompson, Jr., William C",K,1,ABC,,,R0001947,5/26/2006,,Keyspan Energy Federal PAC,PCOMP,,,,K,Brooklyn,NY,11201,,,,,,,1000,0,0,2,,,,,,,,,,,,,,,,,,N,N,
2009,1,260,P,"Thompson, Jr., William C",K,2,ABC,,,R0003506,11/18/2006,,Keyspan Energy Federal PAC,PCOMP,,,,K,Brooklyn,NY,11201,,,,,,,4000,0,1000,2,,,,,,,,,,,,,,,,,,N,N,
2009,1,260,P,"Thompson, Jr., William C",K,2,M,,,R0003533,11/18/2006,12/20/2006,Keyspan Energy Federal PAC,PCOMP,,,,K,Brooklyn,NY,11201,,,,,,,-50,0,0,0,,,,,,,,,,,,,,,,,2,N,N,
2009,1,260,P,"Thompson, Jr., William C",K,2,ABC,,,R0003606,12/3/2006,,"Kirby McInerney & Squire, LLP",LLC,,,,M,New York,NY,10022,,,,,,,4950,0,0,2,,,,,,,,,,,,,,,,,,N,N,
2009,1,260,P,"Thompson, Jr., William C",K,3,ABC,,,R0003966,4/28/2007,,Kramer Levin Naftalis & Franke,PART,,,,M,New York,NY,10036,,,,,,,1000,0,0,2,,,,,,,,,,,,,,,,,,N,N,
2009,1,51,P,"Avella, Tony",K,2,ABC,,,R0000879,11/20/2006,,Kramer Levin Naftalis & Franke,PART,,,,M,New York,NY,10036,,,,,,,250,0,0,2,,,,,,,,,,,,,,,,,,N,N,
2009,1,51,P,"Avella, Tony",K,2,ABC,,,R0000886,11/27/2006,,Kramer Levin Naftalis & Franke,PART,,,,M,New York,NY,10036,,,,,,,250,0,250,2,,,,,,,,,,,,,,,,,,N,N,
2009,1,260,P,"Thompson, Jr., William C",K,4,ABC,,,R0012451,10/20/2007,,"Kurroncare, LLC",LLC,,,,Z,Chevy Chase,MD,20815,,,,,,,4950,0,0,2,,,,,,,,,,,,,,,,,,N,N,
2009,1,260,P,"Thompson, Jr., William C",K,2,ABC,,,R0003379,11/4/2006,,Landmark Associates,PART,,,,,,,,,,,,,,4950,0,0,2,,,,,,,,,,,,,,,,,,N,N,
2009,1,260,P,"Thompson, Jr., William C",K,4,ABC,,,R0012748,11/17/2007,,Law Office of Michael Haskel,OTHR,,,,Z,Mineola,NY,11501,,,,,,,500,0,0,2,,,,,,,,,,,,,,,,,,N,N,
2009,1,51,P,"Avella, Tony",K,2,ABC,,,R0000716,10/23/2006,,Law Office of Vincent L. Petra,LLC,,,,M,New York,NY,10001,,,,,,,1000,0,0,2,,,,,,,,,,,,,,,,,,N,N,
2009,1,51,P,"Avella, Tony",K,3,ABC,,,R0001256,6/25/2007,,Law Office of Vincent L. Petra,LLC,,,,M,New York,NY,10001,,,,,,,1000,0,1000,2,,,,,,,,,,,,,,,,,,N,N,
2009,1,51,P,"Avella, Tony",K,4,ABC,,,R0001805,12/17/2007,,Law Office of Vincent L. Petra,LLC,,,,M,New York,NY,10001,,,,,,,500,0,2000,2,,,,,,,,,,,,,,,,,,N,N,
2009,1,260,P,"Thompson, Jr., William C",K,3,ABC,,,R0003902,1/21/2007,,Law Offices of Andrew Weinstei,PART,,,,M,New York,NY,10175,,,,,,,500,0,0,2,,,,,,,,,,,,,,,,,,N,N,
2009,1,260,P,"Thompson, Jr., William C",K,2,ABC,,,R0003793,1/10/2007,,"Law Offices of eric Franz, PLL",PART,,,,M,New York,NY,10279,,,,,,,500,0,0,2,,,,,,,,,,,,,,,,,,N,N,
2009,1,51,P,"Avella, Tony",K,3,ABC,,,R0001070,4/2/2007,,Law Offices of Jeffrey T. Schw,PART,,,,M,New York,NY,10025,,,,,,,250,0,0,2,,,,,,,,,,,,,,,,,,N,N,
2009,1,260,P,"Thompson, Jr., William C",K,4,ABC,,,R0012329,10/3/2007,,Leader & Berkon LLP,PART,,,,M,New York,NY,10017,,,,,,,3000,0,0,2,,,,,,,,,,,,,,,,,,N,N,
2009,1,260,P,"Thompson, Jr., William C",K,4,ABC,,,R0013191,12/27/2007,,Leon D. Lazer Atty at Law,OTHR,,,,Z,Dix Hills,NY,11746,,,,,,,100,0,0,2,,,,,,,,,,,,,,,,,,N,N,
2009,1,51,P,"Avella, Tony",K,1,ABC,,,R0000323,6/19/2006,,LFK Contracting Services LLC,LLC,,,,Q,Bayside,NY,11361,,,,,,,4950,0,0,2,,,,,,,,,,,,,,,,,,N,N,
2009,1,260,P,"Thompson, Jr., William C",K,2,ABC,,,R0003523,11/18/2006,,Linebarger Goggan Blair & Samp,PART,,,,Z,Austin,TX,78760,,,,,,,1000,0,0,2,,,,,,,,,,,,,,,,,,N,N,
2009,1,51,P,"Avella, Tony",K,2,ABC,,,R0000413,7/31/2006,,Livingston Affiliates LLC,LLC,,,,Z,River Edge,NJ,7661,,,,,,,50,0,0,2,,,,,,,,,,,,,,,,,,N,N,
2009,1,260,P,"Thompson, Jr., William C",K,12,ABC,,,R0022746,9/15/2009,,Local 1 Bricklayers & Allied,EMPO,,,,Q,Long Island City,NY,11101,,,,,,,1000,0,0,2,,,,,,,,,,,,,,,,,,N,N,
2009,1,260,P,"Thompson, Jr., William C",K,13,ABC,,,R0023721,9/28/2009,,Local 1 Bricklayers & Allied,EMPO,,,,Q,Long Island City,NY,11101,,,,,,,1000,0,1000,2,,,,,,,,,,,,,,,,,,N,N,
2009,1,260,P,"Thompson, Jr., William C",K,1,ABC,,,R0002118,1/13/2006,,Local 1 Int'l Union of Eleva,EMPO,,,,Q,Queens,NY,11101,,,,,,,1000,0,0,2,,,,,,,,,,,,,,,,,,N,N,
2009,1,260,P,"Thompson, Jr., William C",K,14,ABC,,,R0024760,10/8/2009,,Local 1109 Communications Work,EMPO,,,,K,Brooklyn,NY,11234,,,,,,,500,0,0,2,,,,,,,,,,,,,,,,,,N,N,
2009,1,260,P,"Thompson, Jr., William C",K,4,ABC,,,R0012479,10/27/2007,,Local 1180/NY Admin Employees,EMPO,,,,M,New York,NY,10013,,,,,,,2500,0,0,2,,,,,,,,,,,,,,,,,,N,N,
2009,1,260,P,"Thompson, Jr., William C",K,8,ABC,,,R0017965,5/9/2009,,Local 1180/NY Admin Employees,EMPO,,,,M,New York,NY,10013,,,,,,,1000,0,2500,2,,,,,,,,,,,,,,,,,,N,N,
2009,1,260,P,"Thompson, Jr., William C",K,1,ABC,,,R0001967,6/3/2006,,Local 12 Federal PAC Fund,PCOMP,,,,Q,Queens,NY,11101,,,,,,,1000,0,0,2,,,,,,,,,,,,,,,,,,N,N,
2009,1,260,P,"Thompson, Jr., William C",K,3,ABC,,,R0004063,5/12/2007,,Local 12 Federal PAC Fund,PCOMP,,,,Q,Queens,NY,11101,,,,,,,500,0,1000,2,,,,,,,,,,,,,,,,,,N,N,
2009,1,260,P,"Thompson, Jr., William C",K,4,ABC,,,R0005939,8/4/2007,,Local 137 Sheet Metal Workers,EMPO,,,,Q,Queens,NY,11101,,,,,,,250,0,0,2,,,,,,,,,,,,,,,,,,N,N,
2009,1,260,P,"Thompson, Jr., William C",K,2,ABC,,,R0003601,12/3/2006,,Local 1500 Political Candidate,PCOMP,,,,Q,Queens,NY,11428,,,,,,,500,0,0,2,5,"Pitta, Vincent F",,,,Staten Island,NY,10305,Pitta & Dreier,499,Park Avenue,New York,NY,Attorney,,,,N,N,IND
2009,1,51,P,"Avella, Tony",K,2,ABC,,,R0000700,10/23/2006,,Local 1500 Political Candidate,PCOMP,,,,Q,Queens Village,NY,11428,,,,,,,500,0,0,2,,,,,,,,,,,,,,,,,,N,N,
2009,1,51,P,"Avella, Tony",K,2,ABC,,,R0000922,1/2/2007,,Local 1500 Political Candidate,PCOMP,,,,Q,Queens Village,NY,11428,,,,,,,1000,0,500,2,,,,,,,,,,,,,,,,,,N,N,
2009,1,51,P,"Avella, Tony",K,3,ABC,,,R0001087,4/2/2007,,Local 1500 Political Candidate,PCOMP,,,,Q,Queens Village,NY,11428,,,,,,,500,0,1500,2,,,,,,,,,,,,,,,,,,N,N,
2009,1,51,P,"Avella, Tony",K,4,ABC,,,R0001619,10/29/2007,,Local 1500 Political Candidate,PCOMP,,,,Q,Queens Village,NY,11428,,,,,,,500,0,2000,2,,,,,,,,,,,,,,,,,,N,N,
2009,1,260,P,"Thompson, Jr., William C",K,2,ABC,,,R0003391,11/18/2006,,Local 153 Voice of the Elector,EMPO,,,,M,New York,NY,10011,,,,,,,500,0,0,2,5,"Pitta, Vincent F",,,,Staten Island,NY,10305,Pitta & Dreier,499,Park Avenue,New York,NY,Attorney,,,,N,N,IND
2009,1,260,P,"Thompson, Jr., William C",K,14,ABC,,,R0026249,10/17/2009,,Local 1549,EMPO,,,,M,New York,NY,10007,,,,,,,4950,0,0,2,,,,,,,,,,,,,,,,,,N,N,
2009,1,260,P,"Thompson, Jr., William C",K,11,ABC,,,R0021591,8/31/2009,,Local 2021 OTB Employees AFSC,PCOMP,,,,M,New York,NY,10007,,,,,,,1000,0,0,2,,,,,,,,,,,,,,,,,,N,N,
2009,1,260,P,"Thompson, Jr., William C",K,10,ABC,,,R0020077,8/10/2009,,Local 2507 EMS SOJ Account,EMPO,,,,M,New York,NY,10007,,,,,,,3000,0,0,2,,,,,,,,,,,,,,,,,,N,N,
2009,1,260,P,"Thompson, Jr., William C",K,11,ABC,,,R0021466,8/28/2009,,Local 2507 EMS SOJ Account,EMPO,,,,M,New York,NY,10007,,,,,,,1950,0,3000,2,,,,,,,,,,,,,,,,,,N,N,
2009,1,260,P,"Thompson, Jr., William C",K,11,ABC,,,R0021143,8/28/2009,,Local 299 AFSCME Political Acc,PCOMP,,,,M,New York,NY,10007,,,,,,,500,0,0,2,,,,,,,,,,,,,,,,,,N,N,
2009,1,260,P,"Thompson, Jr., William C",K,3,ABC,,,R0004239,5/26/2007,,Local 32BJ SEIU NY/NJ American,PCOMP,,,,M,New York,NY,10013,,,,,,,4950,0,0,2,,,,,,,,,,,,,,,,,,N,N,
2009,1,260,P,"Thompson, Jr., William C",K,9,ABC,,,R0019129,7/3/2009,,Local 371 Social Serv. Emp,EMPO,,,,M,New York,NY,10003,,,,,,,1000,0,0,2,,,,,,,,,,,,,,,,,,N,N,
2009,1,260,P,"Thompson, Jr., William C",K,4,ABC,,,R0012365,10/13/2007,,Local 371 Social Service Emplo,EMPO,,,,M,New York,NY,10003,,,,,,,1000,0,0,2,,,,,,,,,,,,,,,,,,N,N,
2009,1,260,P,"Thompson, Jr., William C",K,15,ABC,,,R0026337,10/21/2009,,"Local 372, NYC PAC",PCOMP,,,,M,New York,NY,10007,,,,,,,1950,0,3000,2,,,,,,,,,,,,,,,,,,N,N,
2009,1,260,P,"Thompson, Jr., William C",K,2,ABC,,,R0003498,11/18/2006,,"Local 372, NYC PAC",PCOMP,,,,M,New York,NY,10007,,,,,,,1000,0,0,2,5,"Pitta, Vincent F",,,,Staten Island,NY,10305,Pitta & Dreier,499,Park Avenue,New York,NY,Attorney,,,,N,N,IND
2009,1,260,P,"Thompson, Jr., William C",K,3,ABC,,,R0004340,6/9/2007,,"Local 372, NYC PAC",PCOMP,,,,M,New York,NY,10007,,,,,,,2000,0,1000,2,,,,,,,,,,,,,,,,,,N,N,
2009,1,260,P,"Thompson, Jr., William C",K,2,ABC,,,R0003602,12/3/2006,,Local 6 PAC Acct.,PCOMP,,,,M,New York,NY,10036,,,,,,,2500,0,0,2,5,"Pitta, Vincent F",,,,Staten Island,NY,10305,Pitta & Dreier,499,Park Avenue,New York,NY,Attorney,,,,N,N,IND
2009,1,260,P,"Thompson, Jr., William C",K,4,ABC,,,R0012447,10/20/2007,,Local 6 PAC Acct.,PCOMP,,,,M,New York,NY,10036,,,,,,,1000,0,2500,2,,,,,,,,,,,,,,,,,,N,N,
2009,1,260,P,"Thompson, Jr., William C",K,2,ABC,,,R0003377,11/4/2006,,Local 638 Steamfitters PAC,PCOMP,,,,Q,Queens,NY,11101,,,,,,,2000,0,0,2,,,,,,,,,,,,,,,,,,N,N,
2009,1,260,P,"Thompson, Jr., William C",K,3,ABC,,,R0004010,5/5/2007,,Local 638 Steamfitters PAC,PCOMP,,,,Q,Queens,NY,11101,,,,,,,1000,0,2000,2,,,,,,,,,,,,,,,,,,N,N,
2009,1,260,P,"Thompson, Jr., William C",K,16,ABC,,,R0034470,12/9/2009,,Local 808 Political Action & E,PCOMP,,,,Q,Queens,NY,11101,,,,,,,1000,0,0,2,,,,,,,,,,,,,,,,,,N,N,
2009,1,260,P,"Thompson, Jr., William C",K,11,ABC,,,R0021358,8/21/2009,,Local 831 Uniformed Sanitation,EMPO,,,,M,New York,NY,10038,,,,,,,2000,0,1000,2,,,,,,,,,,,,,,,,,,N,N,
2009,1,260,P,"Thompson, Jr., William C",K,2,ABC,,,R0003499,11/18/2006,,Local 831 Uniformed Sanitation,EMPO,,,,M,New York,NY,10038,,,,,,,1000,0,0,2,5,"Pitta, Vincent F",,,,Staten Island,NY,10305,Pitta & Dreier,499,Park Avenue,New York,NY,Attorney,,,,N,N,IND
2009,1,260,P,"Thompson, Jr., William C",K,1,ABC,,,R0002119,6/9/2006,,LOCAL 891 Cope Fund,PCOMP,,,,K,Brooklyn,NY,11215,,,,,,,1000,0,0,2,,,,,,,,,,,,,,,,,,N,N,
2009,1,260,P,"Thompson, Jr., William C",K,11,ABC,,,R0020809,8/18/2009,,LOCAL 891 Cope Fund,PCOMP,,,,K,Brooklyn,NY,11215,,,,,,,1000,0,2250,2,,,,,,,,,,,,,,,,,,N,N,
2009,1,260,P,"Thompson, Jr., William C",K,15,ABC,,,R0032300,11/2/2009,,LOCAL 891 Cope Fund,PCOMP,,,,K,Brooklyn,NY,11215,,,,,,,1700,0,3250,2,,,,,,,,,,,,,,,,,,N,N,
2009,1,260,P,"Thompson, Jr., William C",K,4,ABC,,,R0012360,10/6/2007,,LOCAL 891 Cope Fund,PCOMP,,,,K,Brooklyn,NY,11215,,,,,,,750,0,1000,2,,,,,,,,,,,,,,,,,,N,N,
2009,1,260,P,"Thompson, Jr., William C",K,9,ABC,,,R0018924,6/15/2009,,LOCAL 891 Cope Fund,PCOMP,,,,K,Brooklyn,NY,11215,,,,,,,500,0,1750,2,,,,,,,,,,,,,,,,,,N,N,
2009,1,260,P,"Thompson, Jr., William C",K,2,ABC,,,R0003598,12/3/2006,,Local 94 94A 94B Int'l Union o,EMPO,,,,M,New York,NY,10036,,,,,,,4950,0,0,2,5,"Pitta, Vincent F",,,,Staten Island,NY,10305,Pitta & Dreier,499,Park Avenue,New York,NY,Attorney,,,,N,N,IND
2009,1,260,P,"Thompson, Jr., William C",K,5,ABC,,,R0015145,7/11/2008,,Lora's Doggie Hut,OTHR,,,,K,Brooklyn,NY,11214,,,,,,,300,0,0,2,,,,,,,,,,,,,,,,,,N,N,
2009,1,260,P,"Thompson, Jr., William C",K,2,ABC,,,R0002791,9/10/2006,,Magee Holdings LLC,LLC,,,,K,Brooklyn,NY,11204,,,,,,,1500,0,0,2,,,,,,,,,,,,,,,,,,N,N,
2009,1,260,P,"Thompson, Jr., William C",K,14,ABC,,,R0025428,10/13/2009,,Malcolm A. Smith for New York,PCOMC,,,,M,New York,NY,10003,,,,,,,4950,0,0,2,,,,,,,,,,,,,,,,,,N,N,
2009,1,260,P,"Thompson, Jr., William C",K,4,ABC,,,R0013352,12/31/2007,,Maly LLC,LLC,,,,K,Brooklyn,NY,11234,,,,,,,500,0,0,2,,,,,,,,,,,,,,,,,,N,N,
2009,1,51,P,"Avella, Tony",K,2,ABC,,,R0000927,1/2/2007,,"Manatt, Phelps & Phillips LLP",PART,,,,Z,Los Angeles,CA,90064,,,,,,,200,0,0,2,,,,,,,,,,,,,,,,,,N,N,
2009,1,260,P,"Thompson, Jr., William C",K,1,ABC,,,R0001988,6/9/2006,,Marc Aronson Attorney At Law,OTHR,,,,K,Brooklyn,NY,11201,,,,,,,1000,0,0,2,,,,,,,,,,,,,,,,,,N,N,
2009,1,260,P,"Thompson, Jr., William C",K,3,ABC,,,R0004344,6/9/2007,,Marcus & Pollack LLP,LLC,,,,M,New York,NY,10017,,,,,,,250,0,0,2,,,,,,,,,,,,,,,,,,N,N,
2009,1,260,P,"Thompson, Jr., William C",K,6,ABC,,,R0015538,11/4/2008,,Marshall For Queens 2005,PCOMC,,,,Q,East Elmhurst,NY,11369,,,,,,,1200,0,0,2,,,,,,,,,,,,,,,,,,N,N,
2009,1,260,P,"Thompson, Jr., William C",K,10,M,,,R0019522,11/4/2008,7/31/2009,Marshall For Queens 2005,PCOMC,,,,Q,East Elmhurst,NY,11369,,,,,,,-1200,0,0,0,,,,,,,,,,,,,,,,,2,N,N,
2009,1,260,P,"Thompson, Jr., William C",K,14,ABC,,,R0026137,10/15/2009,,Mason Tenders DC of Greater NY,PCOMP,,,,M,New York,NY,10011,,,,,,,4950,0,0,2,,,,,,,,,,,,,,,,,,N,N,
2009,1,51,P,"Avella, Tony",K,2,ABC,,,R0000519,10/2/2006,,Mattone Group LLC,LLC,,,,Q,College Point,NY,11356,,,,,,,1000,0,0,2,,,,,,,,,,,,,,,,,,N,N,
2009,1,51,P,"Avella, Tony",K,2,ABC,,,R0000603,10/10/2006,,Mattone Group LLC,LLC,,,,Q,College Point,NY,11356,,,,,,,1000,0,1000,2,,,,,,,,,,,,,,,,,,N,N,
2009,1,51,P,"Avella, Tony",K,3,ABC,,,R0001036,3/17/2007,,Mattone Group LLC,LLC,,,,Q,College Point,NY,11356,,,,,,,100,0,2000,2,,,,,,,,,,,,,,,,,,N,N,
2009,1,51,P,"Avella, Tony",K,3,ABC,,,R0001104,4/2/2007,,Mattone Group LLC,LLC,,,,Q,College Point,NY,11356,,,,,,,500,0,2100,2,,,,,,,,,,,,,,,,,,N,N,
2009,1,51,P,"Avella, Tony",K,6,M,,,R0002586,3/17/2007,10/10/2008,Mattone Group LLC,LLC,,,,Q,College Point,NY,11356,,,,,,,-100,0,0,0,,,,,,,,,,,,,,,,,2,N,N,
2009,1,260,P,"Thompson, Jr., William C",K,10,ABC,,,R0020062,8/10/2009,,Metallic Lathers Local 46 PAC,PCOMP,,,,M,New York,NY,10021,,,,,,,4950,0,0,2,,,,,,,,,,,,,,,,,,N,N,
2009,1,260,P,"Thompson, Jr., William C",K,2,ABC,,,R0002917,10/7/2006,,Metret PAC Inc,PCOMP,,,,M,New York,NY,10001,,,,,,,1000,0,0,2,,,,,,,,,,,,,,,,,,N,N,
2009,1,260,P,"Thompson, Jr., William C",K,4,ABC,,,R0013137,12/15/2007,,Metro Consulting Group LLC,LLC,,,,M,New York,NY,,,,,,,,100,0,0,2,,,,,,,,,,,,,,,,,,N,N,
2009,1,260,P,"Thompson, Jr., William C",K,2,ABC,,,R0003707,12/23/2006,,Metro Funeral Dir. PAC,PCOMZ,,,,Z,Manasquan,NJ,8736,,,,,,,250,0,0,2,,,,,,,,,,,,,,,,,,N,N,
2009,1,51,P,"Avella, Tony",K,2,ABC,,,R0000718,10/23/2006,,Metropolitan Parking Associati,PCOMP,,,,M,New York,NY,10001,,,,,,,1000,0,0,2,,,,,,,,,,,,,,,,,,N,N,
2009,1,51,P,"Avella, Tony",K,3,ABC,,,R0001253,6/25/2007,,Metropolitan Parking Associati,PCOMP,,,,M,New York,NY,10001,,,,,,,750,0,1000,2,2,"Petraro, Vincent L",,,,East Rockaway,NY,11518,Vincent L. Petraro PLLC,350,7th Avenue,New York,NY,Attorney,,,,N,N,IND
2009,1,51,P,"Avella, Tony",K,4,ABC,,,R0001808,12/17/2007,,Metropolitan Parking Associati,PCOMP,,,,M,New York,NY,10001,,,,,,,500,0,1750,2,2,"Petraro, Vincent L",,,,East Rockaway,NY,11518,Vincent L. Petraro PLLC,350,7th Avenue,New York,NY,Attorney,,,,N,N,IND
2009,1,260,P,"Thompson, Jr., William C",K,4,ABC,,,R0005980,9/14/2007,,"Michael C. Farkas, Esq",LLC,,,,M,New York,NY,10016,,,,,,,150,0,0,2,,,,,,,,,,,,,,,,,,N,N,
2009,1,260,P,"Thompson, Jr., William C",K,1,ABC,,,R0001910,5/5/2006,,Mitchell & Titus,PART,,,,M,New York,NY,10004,,,,,,,2000,0,0,2,,,,,,,,,,,,,,,,,,N,N,
2009,1,260,P,"Thompson, Jr., William C",K,1,ABC,,,R0002298,7/1/2006,,Morrison Cohen LLP,PART,,,,M,New York,NY,10022,,,,,,,250,0,0,2,2,"Scharf, Yehuda D",,,,New York,NY,10024,Morrison Cohen LLP,909,3rd Avenue,New York,NY,Attorney,,,,N,N,IND
2009,1,51,P,"Avella, Tony",K,4,ABC,,,R0001807,12/17/2007,,MP 44 LLC,LLC,,,,M,New York,NY,10163,,,,,,,500,0,0,2,2,"Petraro, Vincent L",,,,East Rockaway,NY,11518,Vincent L. Petraro PLLC,350,7th Avenue,New York,NY,Attorney,,,,N,N,IND
2009,1,51,P,"Avella, Tony",K,3,ABC,,,R0001255,6/25/2007,,MP Battery LLC,LLC,,,,M,New York,NY,10163,,,,,,,500,0,0,2,2,"Petraro, Vincent L",,,,East Rockaway,NY,11518,Vincent L. Petraro PLLC,350,7th Avenue,New York,NY,Attorney,,,,N,N,IND
2009,1,260,P,"Thompson, Jr., William C",K,1,ABC,,,R0001908,5/5/2006,,Muss And Muss,PART,,,,Q,Queens,NY,11375,,,,,,,2500,0,0,2,,,,,,,,,,,,,,,,,,N,N,
2009,1,260,P,"Thompson, Jr., William C",K,1,ABC,,,R0001905,5/5/2006,,Muss Development LLC,LLC,,,,Q,Queens,NY,11375,,,,,,,2500,0,0,2,,,,,,,,,,,,,,,,,,N,N,
2009,1,260,P,"Thompson, Jr., William C",K,3,M,,,R0003866,5/5/2006,5/4/2007,Muss Development LLC,LLC,,,,Q,Queens,NY,11375,,,,,,,-50,0,0,0,,,,,,,,,,,,,,,,,2,N,N,
2009,1,51,P,"Avella, Tony",K,2,ABC,,,R0000683,10/16/2006,,Muss Development LLC,LLC,,,,Q,Forest Hills,NY,11375,,,,,,,500,0,0,2,,,,,,,,,,,,,,,,,,N,N,
2009,1,51,P,"Avella, Tony",K,3,ABC,,,R0001264,6/25/2007,,Muss Development LLC,LLC,,,,Q,Forest Hills,NY,11375,,,,,,,500,0,500,2,,,,,,,,,,,,,,,,,,N,N,
2009,1,260,P,"Thompson, Jr., William C",K,15,ABC,,,R0030625,11/2/2009,,"Nadler for Congress, Inc.",PCOMP,,,,M,New York,NY,10003,,,,,,,4950,0,0,2,,,,,,,,,,,,,,,,,,N,N,
2009,1,260,P,"Thompson, Jr., William C",K,2,ABC,,,R0003372,11/4/2006,,Neighborhood Preservation PAC,PCOMP,,,,M,New York,NY,10043,,,,,,,4950,0,0,2,,,,,,,,,,,,,,,,,,N,N,
2009,1,260,P,"Thompson, Jr., William C",K,2,ABC,,,R0002919,10/7/2006,,New York Bankers PAC State Fun,PCOMP,,,,M,New York,NY,10016,,,,,,,500,0,0,2,,,,,,,,,,,,,,,,,,N,N,
2009,1,260,P,"Thompson, Jr., William C",K,2,ABC,,,R0003376,11/4/2006,,New York Building Congress,PCOMP,,,,M,New York,NY,10001,,,,,,,1000,0,0,2,,,,,,,,,,,,,,,,,,N,N,
2009,1,260,P,"Thompson, Jr., William C",K,4,ABC,,,R0012742,11/17/2007,,"New York Check PAC., Inc",PCOMP,,,,M,New York,NY,10016,,,,,,,3000,0,0,2,,,,,,,,,,,,,,,,,,N,N,
2009,1,260,P,"Thompson, Jr., William C",K,2,ABC,,,R0003604,12/3/2006,,New York Hotel Trades Council,PCOMP,,,,M,New York,NY,10036,,,,,,,2500,0,0,2,5,"Pitta, Vincent F",,,,Staten Island,NY,10305,Pitta & Dreier,499,Park Avenue,New York,NY,Attorney,,,,N,N,IND
2009,1,260,P,"Thompson, Jr., William C",K,4,ABC,,,R0012448,10/20/2007,,New York Hotel Trades Council,PCOMP,,,,M,New York,NY,10036,,,,,,,1000,0,2500,2,,,,,,,,,,,,,,,,,,N,N,
2009,1,260,P,"Thompson, Jr., William C",K,3,ABC,,,R0004186,5/19/2007,,New York State AFL-CIO Cope Ac,PCOMP,,,,M,New York,NY,10010,,,,,,,1000,0,0,2,,,,,,,,,,,,,,,,,,N,N,
2009,1,51,P,"Avella, Tony",K,2,ABC,,,R0000737,10/28/2006,,New York State Laborers',PCOMP,,,,Z,Albany,NY,12211,,,,,,,4950,0,0,2,,,,,,,,,,,,,,,,,,N,N,
2009,1,260,P,"Thompson, Jr., William C",K,11,ABC,,,R0021592,8/31/2009,,New York UAW Region 9A PAC Cou,PCOMP,,,,Z,Farmington,CT,6032,,,,,,,4950,0,0,2,,,,,,,,,,,,,,,,,,N,N,
2009,1,260,P,"Thompson, Jr., William C",K,11,ABC,,,R0021589,8/31/2009,,New Yorkers for Betsy Gotbaum,PCOMC,,,,,New York,NY,,,,,,,,4950,0,0,2,,,,,,,,,,,,,,,,,,N,N,
2009,1,260,P,"Thompson, Jr., William C",K,2,ABC,,,R0003374,11/4/2006,,Ninth Decade Fund,PCOMP,,,,Z,Philadelphia,PA,19102,,,,,,,1000,0,0,2,,,,,,,,,,,,,,,,,,N,N,
2009,1,260,P,"Thompson, Jr., William C",K,3,ABC,,,R0004240,5/26/2007,,Ninth Decade Fund,PCOMP,,,,Z,Philadelphia,PA,19102,,,,,,,1000,0,1000,2,,,,,,,,,,,,,,,,,,N,N,
2009,1,260,P,"Thompson, Jr., William C",K,2,ABC,,,R0002921,10/7/2006,,Nixon Peabody LLP,PART,,,,Z,Albany,NY,12207,,,,,,,1000,0,0,2,,,,,,,,,,,,,,,,,,N,N,
2009,1,260,P,"Thompson, Jr., William C",K,2,ABC,,,R0002922,10/7/2006,,Nixon Peabody LLP,PART,,,,Z,Albany,NY,12207,,,,,,,500,0,0,2,,,,,,,,,,,,,,,,,,N,N,
2009,1,260,P,"Thompson, Jr., William C",K,4,ABC,,,R0012382,10/13/2007,,NYC Central Labor Council AFL-,PCOMP,,,,M,New York,NY,10011,,,,,,,500,0,0,2,,,,,,,,,,,,,,,,,,N,N,
2009,1,260,P,"Thompson, Jr., William C",K,9,ABC,,,R0018920,6/15/2009,,NYC Central Labor Council AFL-,PCOMP,,,,M,New York,NY,10011,,,,,,,500,0,500,2,,,,,,,,,,,,,,,,,,N,N,
2009,1,260,P,"Thompson, Jr., William C",K,15,ABC,,,R0030626,11/2/2009,,NYC Justice PAC,PCOMP,,,,M,New York,NY,10038,,,,,,,3950,0,1000,2,,,,,,,,,,,,,,,,,,N,N,
2009,1,260,P,"Thompson, Jr., William C",K,5,ABC,,,R0015143,7/11/2008,,NYC Justice PAC,PCOMP,,,,M,New York,NY,10038,,,,,,,1000,0,0,2,,,,,,,,,,,,,,,,,,N,N,
2009,1,260,P,"Thompson, Jr., William C",K,16,M,,,R0035207,11/2/2009,12/2/2009,NYC Justice PAC,PCOMP,,,,M,New York,NY,10038,,,,,,,-1000,0,0,0,,,,,,,,,,,,,,,,,2,N,N,
2009,1,260,P,"Thompson, Jr., William C",K,14,ABC,,,R0025750,10/13/2009,,NYC NASW,PCOMP,,,,M,New York,NY,10004,,,,,,,1000,0,0,2,,,,,,,,,,,,,,,,,,N,N,
2009,1,260,P,"Thompson, Jr., William C",K,14,ABC,,,R0025752,10/13/2009,,NYC NASW,PCOMP,,,,M,New York,NY,10004,,,,,,,175,0,0,2,,,,,,,,,,,,,,,,,,N,N,
2009,1,260,P,"Thompson, Jr., William C",K,8,ABC,,,R0017479,4/30/2009,,NYCRNA-PAC,PCOMP,,,,M,New York,NY,10005,,,,,,,1500,0,0,2,,,,,,,,,,,,,,,,,,N,N,
2009,1,260,P,"Thompson, Jr., William C",K,1,ABC,,,R0001970,6/3/2006,,NYS Court Officers Assoc.,EMPO,,,,M,New York,NY,10007,,,,,,,1000,0,0,2,,,,,,,,,,,,,,,,,,N,N,
2009,1,260,P,"Thompson, Jr., William C",K,1,ABC,,,R0002072,6/9/2006,,NYS Court Officers Assoc.,EMPO,,,,M,New York,NY,10007,,,,,,,1000,0,1000,2,,,,,,,,,,,,,,,,,,N,N,
2009,1,260,P,"Thompson, Jr., William C",K,3,ABC,,,R0004064,5/12/2007,,NYS Court Officers Assoc.,EMPO,,,,M,New York,NY,10007,,,,,,,3950,0,2000,2,,,,,,,,,,,,,,,,,,N,N,
2009,1,260,P,"Thompson, Jr., William C",K,3,M,,,R0004431,5/12/2007,6/19/2007,NYS Court Officers Assoc.,EMPO,,,,M,New York,NY,10007,,,,,,,-1000,0,0,0,,,,,,,,,,,,,,,,,2,N,N,
2009,1,260,P,"Thompson, Jr., William C",K,2,ABC,,,R0003393,11/18/2006,,NYS Iron Workers District Coun,EMPO,,,,Z,Tarrytown,NY,10591,,,,,,,500,0,0,2,,,,,,,,,,,,,,,,,,N,N,
2009,1,260,P,"Thompson, Jr., William C",K,5,ABC,,,R0013784,2/19/2008,,NYS Laborers' PAC,PCOMP,,,,Z,Albany,NY,12211,,,,,,,2500,0,0,2,,,,,,,,,,,,,,,,,,N,N,
2009,1,260,P,"Thompson, Jr., William C",K,1,ABC,,,R0002121,6/9/2006,,NYS Naral PAC,PCOMP,,,,M,New York,NY,10013,,,,,,,1000,0,0,2,,,,,,,,,,,,,,,,,,N,N,
2009,1,260,P,"Thompson, Jr., William C",K,2,ABC,,,R0003599,12/3/2006,,NYS Naral PAC,PCOMP,,,,M,New York,NY,10013,,,,,,,2500,0,1000,2,,,,,,,,,,,,,,,,,,N,N,
2009,1,260,P,"Thompson, Jr., William C",K,1,ABC,,,R0002126,6/9/2006,,Oak Point Property LLC,LLC,,,,Z,Brick,NJ,8723,,,,,,,1000,0,0,2,,,,,,,,,,,,,,,,,,N,N,
2009,1,260,P,"Thompson, Jr., William C",K,3,ABC,,,R0004196,5/19/2007,,Oasis Capital Partners,LLC,,,,M,New York,NY,10018,,,,,,,1000,0,0,2,,,,,,,,,,,,,,,,,,N,N,
2009,1,260,P,"Thompson, Jr., William C",K,4,ABC,,,R0013306,12/29/2007,,"Olympus Power, LLC",LLC,,,,Z,Morristown,NJ,7960,,,,,,,1000,0,0,2,,,,,,,,,,,,,,,,,,N,N,
2009,1,260,P,"Thompson, Jr., William C",K,14,ABC,,,R0026138,10/15/2009,,Organization of Staff Analysts,OTHR,,,,M,New York,NY,,,,,,,,4950,0,0,2,,,,,,,,,,,,,,,,,,N,N,
2009,1,260,P,"Thompson, Jr., William C",K,1,ABC,,,R0002128,6/9/2006,,Orrick Herrington & Sutcliffe,PART,,,,Z,San Francisco,CA,94105,,,,,,,1000,0,0,2,,,,,,,,,,,,,,,,,,N,N,
2009,1,260,P,"Thompson, Jr., William C",K,4,ABC,,,R0012740,11/17/2007,,"PADC MArketing, LLC",LLC,,,,Z,Coral Gables,FL,33134,,,,,,,300,0,0,2,,,,,,,,,,,,,,,,,,N,N,
2009,1,260,P,"Thompson, Jr., William C",K,1,ABC,,,R0002215,6/24/2006,,Paradigm Asset Mgmt. Co. LLC,LLC,,,,M,New York,NY,10019,,,,,,,4950,0,0,2,,,,,,,,,,,,,,,,,,N,N,
2009,1,260,P,"Thompson, Jr., William C",K,8,M,,,R0017782,6/24/2006,5/11/2009,Paradigm Asset Mgmt. Co. LLC,LLC,,,,M,New York,NY,10019,,,,,,,-1000,0,0,0,,,,,,,,,,,,,,,,,2,N,N,
2009,1,260,P,"Thompson, Jr., William C",K,12,ABC,,,R0022717,9/15/2009,,Park River Independent Democra,PCOMZ,,,,,New York,NY,10023,,,,,,,300,0,0,2,,,,,,,,,,,,,,,,,,N,N,
2009,1,260,P,"Thompson, Jr., William C",K,14,M,,,R0023347,9/15/2009,9/29/2009,Park River Independent Democra,PCOMZ,,,,,New York,NY,10023,,,,,,,-300,0,0,0,,,,,,,,,,,,,,,,,2,N,N,
2009,1,260,P,"Thompson, Jr., William C",K,2,ABC,,,R0003525,11/18/2006,,Parts Authority Partners Real,LLC,,,,Q,Queens,NY,11427,,,,,,,1000,0,0,2,,,,,,,,,,,,,,,,,,N,N,
2009,1,260,P,"Thompson, Jr., William C",K,14,ABC,,,R0029129,10/19/2009,,Paterson For Governor Inc.,PCOMC,,,,M,New York,NY,10016,,,,,,,4950,0,0,2,,,,,,,,,,,,,,,,,,N,N,
2009,1,260,P,"Thompson, Jr., William C",K,16,ABC,,,R0034401,11/27/2009,,Paterson For Governor Inc.,PCOMC,,,,M,New York,NY,10016,,,,,,,4950,0,4950,2,,,,,,,,,,,,,,,,,,N,N,
2009,1,260,P,"Thompson, Jr., William C",K,16,M,,,R0034404,11/27/2009,12/2/2009,Paterson For Governor Inc.,PCOMC,,,,M,New York,NY,10016,,,,,,,-4950,0,0,0,,,,,,,,,,,,,,,,,2,N,N,
2009,1,260,P,"Thompson, Jr., William C",K,16,M,,,R0036258,10/19/2009,10/26/2009,Paterson For Governor Inc.,PCOMC,,,,M,New York,NY,10016,,,,,,,-4950,0,0,0,,,,,,,,,,,,,,,,,2,N,N,
2009,1,260,P,"Thompson, Jr., William C",K,3,ABC,,,R0004422,6/15/2007,,"PBM/CMSI of Pennsylvania, LLC",LLC,,,,Z,Philadelphia,PA,19103,,,,,,,4950,0,0,2,,,,,,,,,,,,,,,,,,N,N,
2009,1,260,P,"Thompson, Jr., William C",K,15,ABC,,,R0029614,10/26/2009,,People For Bing,PCOMP,,,,M,New York,NY,10017,,,,,,,300,0,0,2,,,,,,,,,,,,,,,,,,N,N,
2009,1,260,P,"Thompson, Jr., William C",K,15,ABC,,,R0032803,11/2/2009,,People For Bing,PCOMP,,,,M,New York,NY,10017,,,,,,,350,0,300,4,,,,,,,,,,,,,,,,,,N,N,
2009,1,260,P,"Thompson, Jr., William C",K,15,ABC,,,R0032302,11/2/2009,,People for Jeffries,PCOMC,,,,K,Brooklyn,NY,11238,,,,,,,1000,0,0,2,,,,,,,,,,,,,,,,,,N,N,
2009,1,51,P,"Avella, Tony",K,2,ABC,,,R0000887,11/27/2006,,Pesetsky & Bookman,PART,,,,M,New York,NY,10007,,,,,,,250,0,0,2,,,,,,,,,,,,,,,,,,N,N,
2009,1,260,P,"Thompson, Jr., William C",K,2,ABC,,,R0003791,1/10/2007,,Pfizer PAC,PCOMP,,,,M,New York,NY,10017,,,,,,,1000,0,0,2,,,,,,,,,,,,,,,,,,N,N,
2009,1,260,P,"Thompson, Jr., William C",K,4,ABC,,,R0012383,10/13/2007,,Pitta & Dreier LLP,PART,,,,M,New York,NY,10022,,,,,,,500,0,0,2,,,,,,,,,,,,,,,,,,N,N,
2009,1,51,P,"Avella, Tony",K,4,ABC,,,R0001591,10/22/2007,,Pizza Town,PART,,,,Q,College Point,NY,11356,,,,,,,20,0,0,2,,,,,,,,,,,,,,,,,,N,N,
2009,1,51,P,"Avella, Tony",K,8,M,,,R0003065,10/22/2007,3/17/2009,Pizza Town,PART,,,,Q,College Point,NY,11356,,,,,,,-20,0,0,0,,,,,,,,,,,,,,,,,2,N,N,
2009,1,51,P,"Avella, Tony",K,2,ABC,,,R0000676,10/16/2006,,Plumbers Local Union #1,PCOMP,,,,Q,Howard Beach,NY,11414,,,,,,,1000,0,0,2,,,,,,,,,,,,,,,,,,N,N,
2009,1,51,P,"Avella, Tony",K,3,ABC,,,R0001011,3/12/2007,,Plumbers Local Union #1,PCOMP,,,,Q,Howard Beach,NY,11414,,,,,,,250,0,1000,2,,,,,,,,,,,,,,,,,,N,N,
2009,1,51,P,"Avella, Tony",K,4,ABC,,,R0001568,10/18/2007,,Plumbers Local Union #1,PCOMP,,,,Q,Howard Beach,NY,11414,,,,,,,500,0,1250,2,,,,,,,,,,,,,,,,,,N,N,
2009,1,260,P,"Thompson, Jr., William C",K,1,ABC,,,R0001971,6/3/2006,,Plumbers Local Union 1 NYC PAC,PCOMP,,,,Q,Queens,NY,11414,,,,,,,1000,0,0,2,,,,,,,,,,,,,,,,,,N,N,
2009,1,260,P,"Thompson, Jr., William C",K,2,ABC,,,R0003605,12/3/2006,,Plumbers Local Union 1 NYC PAC,PCOMP,,,,Q,Queens,NY,11414,,,,,,,1000,0,1000,2,5,"Pitta, Vincent F",,,,Staten Island,NY,10305,Pitta & Dreier,499,Park Avenue,New York,NY,Attorney,,,,N,N,IND
2009,1,260,P,"Thompson, Jr., William C",K,2,ABC,,,R0002929,10/7/2006,,Pomerantz Haudek Block Grossma,PART,,,,M,New York,NY,10017,,,,,,,1000,0,0,2,,,,,,,,,,,,,,,,,,N,N,
2009,1,260,P,"Thompson, Jr., William C",K,3,ABC,,,R0004242,5/26/2007,,Post Heymann & Koffler LLP,PART,,,,Z,Jericho,NY,11753,,,,,,,3000,0,0,2,,,,,,,,,,,,,,,,,,N,N,
2009,1,51,P,"Avella, Tony",K,2,ABC,,,R0000713,10/23/2006,,Powell Cove Associates LLC,LLC,,,,Z,Yonkers,NY,10701,,,,,,,1000,0,0,2,,,,,,,,,,,,,,,,,,N,N,
2009,1,51,P,"Avella, Tony",K,2,ABC,,,R0000714,10/23/2006,,Powell Cove Associates LLC,LLC,,,,Z,Yonkers,NY,10701,,,,,,,500,0,0,2,,,,,,,,,,,,,,,,,,N,N,
2009,1,51,P,"Avella, Tony",K,4,ABC,,,R0001810,12/17/2007,,Powell Cove Associates LLC,LLC,,,,Z,Yonkers,NY,10701,,,,,,,1000,0,1500,2,2,"Petraro, Vincent L",,,,East Rockaway,NY,11518,Vincent L. Petraro PLLC,350,7th Avenue,New York,NY,Attorney,,,,N,N,IND
2009,1,260,P,"Thompson, Jr., William C",K,4,ABC,,,R0012630,11/9/2007,,"Provender Capital Group, LLC",LLC,,,,M,New York,NY,10004,,,,,,,1500,0,0,2,,,,,,,,,,,,,,,,,,N,N,
2009,1,260,P,"Thompson, Jr., William C",K,16,ABC,,,R0034502,12/9/2009,,PSC Pac,PCOMP,,,,M,New York,NY,10006,,,,,,,500,0,0,2,,,,,,,,,,,,,,,,,,N,N,
2009,1,1468,NP,"Villar, Francisca",H,13,ABC,,,R0000020,6/29/2009,,PSL NY,OTHR,,,,M,New York,NY,10030,,,,,,,200,0,0,2,,,,,,,,,,,,,,,,,,N,N,
2009,1,260,P,"Thompson, Jr., William C",K,12,ABC,,,R0022335,9/3/2009,,Public Employees Fed PAC,PCOMP,,,,Z,Abany,NY,12212,,,,,,,500,0,0,2,,,,,,,,,,,,,,,,,,N,N,
2009,1,260,P,"Thompson, Jr., William C",K,15,ABC,,,R0032793,11/2/2009,,Public Employees Fed PAC,PCOMP,,,,Z,Abany,NY,12212,,,,,,,500,0,500,2,,,,,,,,,,,,,,,,,,N,N,
2009,1,260,P,"Thompson, Jr., William C",K,4,ABC,,,R0013228,12/27/2007,,Quattro Properties LLC,LLC,,,,Q,Queens,NY,11429,,,,,,,2000,0,0,2,,,,,,,,,,,,,,,,,,N,N,
2009,1,260,P,"Thompson, Jr., William C",K,2,ABC,,,R0002925,10/7/2006,,R C Services LLP,LLC,,,,K,Brooklyn,NY,11241,,,,,,,500,0,0,2,6,"Piscitello, Peter",,,,Bronx,NY,10463,"Wilson, Elser, Moskowitz, Edel",150,E. 42nd Street,New York,NY,Attorney,,,,N,N,IND
2009,1,260,P,"Thompson, Jr., William C",K,13,ABC,,,R0023709,9/28/2009,,Rangel For Congress NYS,PCOMC,,,,M,New York,NY,10027,,,,,,,4950,0,0,2,,,,,,,,,,,,,,,,,,N,N,
2009,1,51,P,"Avella, Tony",K,2,ABC,,,R0000722,10/23/2006,,Raymond Irrera & Associates,PART,,,,M,New York,NY,10017,,,,,,,250,0,0,2,,,,,,,,,,,,,,,,,,N,N,
2009,1,51,P,"Avella, Tony",K,6,M,,,R0002597,10/23/2006,10/10/2008,Raymond Irrera & Associates,PART,,,,M,New York,NY,10017,,,,,,,-250,0,0,0,,,,,,,,,,,,,,,,,2,N,N,
2009,1,260,P,"Thompson, Jr., William C",K,2,ABC,,,R0003527,11/18/2006,,RCC Real Estate Group,PART,,,,M,New York,NY,10016,,,,,,,4950,0,0,2,,,,,,,,,,,,,,,,,,N,N,
2009,1,260,P,"Thompson, Jr., William C",K,2,ABC,,,R0003626,12/9/2006,,RDP Consulting,OTHR,,,,Z,Peekskill,NY,10566,,,,,,,2500,0,0,2,,,,,,,,,,,,,,,,,,N,N,
2009,1,51,P,"Avella, Tony",K,2,ABC,,,R0000932,1/2/2007,,Real Estate Board PAC,PCOMP,,,,M,New York,NY,10022,,,,,,,500,0,0,2,,,,,,,,,,,,,,,,,,N,N,
2009,1,260,P,"Thompson, Jr., William C",K,2,ABC,,,R0003529,11/18/2006,,ReedSmith LLP,PART,,,,Z,Pittsburgh,PA,15230,,,,,,,1000,0,0,2,,,,,,,,,,,,,,,,,,N,N,
2009,1,260,P,"Thompson, Jr., William C",K,3,ABC,,,R0004066,5/12/2007,,ReedSmith LLP,PART,,,,Z,Pittsburgh,PA,15230,,,,,,,1000,0,1000,2,,,,,,,,,,,,,,,,,,N,N,
2009,1,51,P,"Avella, Tony",K,4,ABC,,,R0001687,11/13/2007,,Renolta LLC,LLC,,,,M,New York,NY,10024,,,,,,,250,0,0,2,3,"Bookman, Robert",,,,,,,,,,,,,,,,N,N,IND
2009,1,260,P,"Thompson, Jr., William C",K,11,ABC,,,R0021689,8/31/2009,,Retail Wholesale & Dept Store,PCOMP,,,,M,New York,NY,10016,,,,,,,2000,0,0,2,,,,,,,,,,,,,,,,,,N,N,
2009,1,260,P,"Thompson, Jr., William C",K,3,ABC,,,R0003895,1/21/2007,,"Richard B. Herman, LLC",LLC,,,,M,New York,NY,10022,,,,,,,500,0,0,2,,,,,,,,,,,,,,,,,,N,N,
2009,1,260,P,"Thompson, Jr., William C",K,4,ABC,,,R0005344,7/28/2007,,Richard F. Levy Atty at Law,OTHR,,,,Z,Chicago,IL,60606,,,,,,,1000,0,0,2,,,,,,,,,,,,,,,,,,N,N,
2009,1,260,P,"Thompson, Jr., William C",K,9,ABC,,,R0019465,7/11/2009,,Robert Gutman Atty at Law,OTHR,,,,K,Brooklyn,NY,11242,,,,,,,50,0,0,2,,,,,,,,,,,,,,,,,,N,N,
2009,1,260,P,"Thompson, Jr., William C",K,2,ABC,,,R0003381,11/4/2006,,Rockaway Beach Blvd Constructi,LLC,,,,Z,Garden City,NY,11530,,,,,,,2500,0,0,2,,,,,,,,,,,,,,,,,,N,N,
2009,1,260,P,"Thompson, Jr., William C",K,3,ABC,,,R0004243,5/26/2007,,Rockaway Beach Blvd Constructi,LLC,,,,Z,Garden City,NY,11530,,,,,,,2000,0,2500,2,,,,,,,,,,,,,,,,,,N,N,
2009,1,260,P,"Thompson, Jr., William C",K,3,ABC,,,R0004068,5/12/2007,,Royal Abstract of New York LLC,LLC,,,,M,New York,NY,10110,,,,,,,2000,0,0,2,,,,,,,,,,,,,,,,,,N,N,
2009,1,260,P,"Thompson, Jr., William C",K,2,ABC,,,R0003365,11/4/2006,,RPAC of New York State,PCOMP,,,,Z,Albany,NY,12210,,,,,,,500,0,0,2,6,"Piscitello, Peter",,,,Bronx,NY,10463,"Wilson, Elser, Moskowitz, Edel",150,E. 42nd Street,New York,NY,Attorney,,,,N,N,IND
2009,1,51,P,"Avella, Tony",K,16,ABC,,,R0004443,11/6/2009,,RPAC of New York State,PCOMP,,,,Z,Albany,NY,12210,,,,,,,1000,0,1250,2,,,,,,,,,,,,,,,,,,N,N,
2009,1,51,P,"Avella, Tony",K,4,ABC,,,R0001798,12/17/2007,,RPAC of New York State,PCOMP,,,,Z,Albany,NY,12210,,,,,,,1000,0,0,2,,,,,,,,,,,,,,,,,,N,N,
2009,1,51,P,"Avella, Tony",K,7,ABC,,,R0002944,1/20/2009,,RPAC of New York State,PCOMP,,,,Z,Albany,NY,12210,,,,,,,250,0,1000,2,,,,,,,,,,,,,,,,,,N,N,
2009,1,260,P,"Thompson, Jr., William C",K,1,ABC,,,R0001898,4/13/2006,,"RSA-PAC, Inc.",PCOMP,,,,M,New York,NY,10038,,,,,,,3000,0,0,2,,,,,,,,,,,,,,,,,,N,N,
2009,1,260,P,"Thompson, Jr., William C",K,2,ABC,,,R0003642,12/16/2006,,Sandra C. Katz Attorney At Law,OTHR,,,,M,New York,NY,10022,,,,,,,250,0,0,2,,,,,,,,,,,,,,,,,,N,N,
2009,1,260,P,"Thompson, Jr., William C",K,9,ABC,,,R0018914,6/15/2009,,Sandra C. Katz Attorney At Law,OTHR,,,,M,New York,NY,10022,,,,,,,500,0,250,2,,,,,,,,,,,,,,,,,,N,N,
2009,1,51,P,"Avella, Tony",K,4,ABC,,,R0001809,12/17/2007,,SCS Realty LLC,LLC,,,,X,Bronx,NY,10456,,,,,,,1000,0,0,2,2,"Petraro, Vincent L",,,,East Rockaway,NY,11518,Vincent L. Petraro PLLC,350,7th Avenue,New York,NY,Attorney,,,,N,N,IND
2009,1,260,P,"Thompson, Jr., William C",K,3,ABC,,,R0004011,5/5/2007,,Seavey & Seavey Atty,PART,,,,M,New York,NY,10016,,,,,,,500,0,0,2,,,,,,,,,,,,,,,,,,N,N,
2009,1,260,P,"Thompson, Jr., William C",K,4,ABC,,,R0012359,10/6/2007,,Sergeants Benevolent Assoc.,PCOMP,,,,M,New York,NY,10013,,,,,,,4000,0,0,2,,,,,,,,,,,,,,,,,,N,N,
2009,1,260,P,"Thompson, Jr., William C",K,10,M,,,R0019523,10/6/2007,7/31/2009,Sergeants Benevolent Assoc.,PCOMP,,,,M,New York,NY,10013,,,,,,,-4000,0,0,0,,,,,,,,,,,,,,,,,2,N,N,
2009,1,260,P,"Thompson, Jr., William C",K,4,ABC,,,R0013496,1/11/2008,,Service Employees Local 1,EMPO,,,,Z,Chicago,IL,60601,,,,,,,4950,0,0,2,,,,,,,,,,,,,,,,,,N,N,
2009,1,51,P,"Avella, Tony",K,4,ABC,,,R0001676,11/5/2007,,Sheet Metal Workers Lu 28,PCOMP,,,,M,New York,NY,10014,,,,,,,500,0,0,2,,,,,,,,,,,,,,,,,,N,N,
2009,1,51,P,"Avella, Tony",K,5,ABC,,,R0002077,5/21/2008,,Sheet Metal Workers Lu 28,PCOMP,,,,M,New York,NY,10014,,,,,,,500,0,500,2,,,,,,,,,,,,,,,,,,N,N,
2009,1,51,P,"Avella, Tony",K,6,ABC,,,R0002935,1/10/2009,,Sheet Metal Workers Lu 28,PCOMP,,,,M,New York,NY,10014,,,,,,,500,0,1000,2,,,,,,,,,,,,,,,,,,N,N,
2009,1,260,P,"Thompson, Jr., William C",K,2,ABC,,,R0003709,12/23/2006,,Sheet Metal Workers LU 28 Poli,PCOMP,,,,M,New York,NY,10013,,,,,,,4950,0,0,2,,,,,,,,,,,,,,,,,,N,N,
2009,1,51,P,"Avella, Tony",K,2,ABC,,,R0000682,10/16/2006,,Sheet Metal Workers UL 137,PCOMP,,,,Q,Long Island Cit,NY,11101,,,,,,,100,0,0,2,,,,,,,,,,,,,,,,,,N,N,
2009,1,51,P,"Avella, Tony",K,3,ABC,,,R0001010,3/12/2007,,Sheet Metal Workers UL 137,PCOMP,,,,Q,Long Island Cit,NY,11101,,,,,,,100,0,100,2,,,,,,,,,,,,,,,,,,N,N,
2009,1,51,P,"Avella, Tony",K,3,ABC,,,R0001207,6/4/2007,,Sheet Metal Workers UL 137,PCOMP,,,,Q,Long Island Cit,NY,11101,,,,,,,100,0,200,2,,,,,,,,,,,,,,,,,,N,N,
2009,1,51,P,"Avella, Tony",K,4,ABC,,,R0001558,10/18/2007,,Sheet Metal Workers UL 137,PCOMP,,,,Q,Long Island Cit,NY,11101,,,,,,,100,0,300,2,,,,,,,,,,,,,,,,,,N,N,
2009,1,260,P,"Thompson, Jr., William C",K,1,ABC,,,R0002130,6/9/2006,,Signal Equity Partners,PART,,,,M,New York,NY,10022,,,,,,,1000,0,0,4,,,,,,,,,,,,,,,,,,N,N,
2009,1,260,P,"Thompson, Jr., William C",K,1,ABC,,,R0001902,5/5/2006,,"Silverite Holding Co., LLC",LLC,,,,Z,Hicksville,NY,11801,,,,,,,1000,0,0,2,,,,,,,,,,,,,,,,,,N,N,
2009,1,260,P,"Thompson, Jr., William C",K,3,ABC,,,R0004197,5/19/2007,,"Silverite Holding Co., LLC",LLC,,,,Z,Hicksville,NY,11801,,,,,,,3950,0,1000,2,,,,,,,,,,,,,,,,,,N,N,
2009,1,260,P,"Thompson, Jr., William C",K,5,M,,,R0013560,5/19/2007,5/15/2008,"Silverite Holding Co., LLC",LLC,,,,Z,Hicksville,NY,11801,,,,,,,-2000,0,0,0,,,,,,,,,,,,,,,,,2,N,N,
2009,1,260,P,"Thompson, Jr., William C",K,4,ABC,,,R0012969,12/1/2007,,Silverite Trucking Company LLC,LLC,,,,Z,Hicksville,NY,11801,,,,,,,1000,0,0,2,,,,,,,,,,,,,,,,,,N,N,
2009,1,260,P,"Thompson, Jr., William C",K,4,ABC,,,R0012972,12/1/2007,,Silverite Trucking Company LLC,LLC,,,,Z,Hicksville,NY,11801,,,,,,,1000,0,0,2,,,,,,,,,,,,,,,,,,N,N,
2009,1,51,P,"Avella, Tony",K,2,ABC,,,R0000913,12/18/2006,,Slater & Beckerman,PART,,,,M,New York,NY,10006,,,,,,,250,0,0,2,,,,,,,,,,,,,,,,,,N,N,
2009,1,260,P,"Thompson, Jr., William C",K,3,ABC,,,R0004424,6/15/2007,,"SLCE Architects, LLP",PART,,,,M,New York,NY,10003,,,,,,,500,0,0,2,,,,,,,,,,,,,,,,,,N,N,
2009,1,260,P,"Thompson, Jr., William C",K,4,ABC,,,R0012632,11/9/2007,,SLT Consultants,OTHR,,,,Z,Los Angeles,CA,90036,,,,,,,250,0,0,2,,,,,,,,,,,,,,,,,,N,N,
2009,1,260,P,"Thompson, Jr., William C",K,10,ABC,,,R0020063,8/10/2009,,Social Service Employees Union,EMPO,,,,M,New York,NY,10003,,,,,,,3950,0,0,2,,,,,,,,,,,,,,,,,,N,N,
2009,1,260,P,"Thompson, Jr., William C",K,1,ABC,,,R0001975,6/3/2006,,"SOHO Love, LLC",LLC,,,,Z,Louisville,KY,40220,,,,,,,3000,0,0,2,,,,,,,,,,,,,,,,,,N,N,
2009,1,260,P,"Thompson, Jr., William C",K,16,ABC,,,R0036254,10/14/2009,,Soleil & Company,CORP,,,,K,Brooklyn,NY,11201,,,,,,,200,0,0,2,,,,,,,,,,,,,,,,,,N,N,
2009,1,260,P,"Thompson, Jr., William C",K,16,M,,,R0036255,10/14/2009,10/19/2009,Soleil & Company,CORP,,,,K,Brooklyn,NY,11201,,,,,,,-200,0,0,0,,,,,,,,,,,,,,,,,1,N,N,
2009,1,260,P,"Thompson, Jr., William C",K,3,ABC,,,R0004427,6/15/2007,,Sonenshine Partners LLC,LLC,,,,M,New York,NY,10022,,,,,,,500,0,0,2,,,,,,,,,,,,,,,,,,N,N,
2009,1,260,P,"Thompson, Jr., William C",K,4,ABC,,,R0012446,10/20/2007,,SSL Political Action Committee,PCOMP,,,,M,New York,NY,10038,,,,,,,1000,0,0,2,,,,,,,,,,,,,,,,,,N,N,
2009,1,260,P,"Thompson, Jr., William C",K,9,ABC,,,R0018960,6/15/2009,,SSL Political Action Committee,PCOMP,,,,M,New York,NY,10038,,,,,,,3950,0,1000,2,,,,,,,,,,,,,,,,,,N,N,
2009,1,260,P,"Thompson, Jr., William C",K,4,ABC,,,R0013156,12/15/2007,,Stability Asset Management Two,LLC,,,,M,New York,NY,10151,,,,,,,500,0,0,2,,,,,,,,,,,,,,,,,,N,N,
2009,1,260,P,"Thompson, Jr., William C",K,3,ABC,,,R0004154,5/19/2007,,Stadtmauer Bailkin LLP,PART,,,,M,New York,NY,10022,,,,,,,1000,0,0,2,,,,,,,,,,,,,,,,,,N,N,
2009,1,51,P,"Avella, Tony",K,1,ABC,,,R0000303,12/29/2005,,Stadtmauer Bailkin LLP,PART,,,,M,New York,NY,10022,,,,,,,500,0,0,2,,,,,,,,,,,,,,,,,,N,N,
2009,1,51,P,"Avella, Tony",K,2,ABC,,,R0000544,10/5/2006,,Stadtmauer Bailkin LLP,PART,,,,M,New York,NY,10022,,,,,,,1000,0,500,2,,,,,,,,,,,,,,,,,,N,N,
2009,1,260,P,"Thompson, Jr., William C",K,3,ABC,,,R0004346,6/9/2007,,Starr Associates LLP,PART,,,,M,New York,NY,10016,,,,,,,1000,0,0,2,,,,,,,,,,,,,,,,,,N,N,
2009,1,260,P,"Thompson, Jr., William C",K,14,ABC,,,R0025864,10/15/2009,,Steamfitters Local 638,PCOMP,,,,Q,Queens,NY,11101,,,,,,,495,0,0,2,,,,,,,,,,,,,,,,,,N,N,
2009,1,260,P,"Thompson, Jr., William C",K,4,ABC,,,R0005942,8/4/2007,,Sterling Equities,PART,,,,Z,Great Neck,NY,11021,,,,,,,1000,0,0,2,,,,,,,,,,,,,,,,,,N,N,
2009,1,260,P,"Thompson, Jr., William C",K,15,ABC,,,R0032299,11/3/2009,,Stonewall Democratic Club,PCOMZ,,,,,New York,NY,10113,,,,,,,200,0,0,2,,,,,,,,,,,,,,,,,,N,N,
2009,1,260,P,"Thompson, Jr., William C",K,16,ABC,,,R0034503,12/9/2009,,Stonewall Democratic Club,PCOMZ,,,,,New York,NY,10113,,,,,,,500,0,200,2,,,,,,,,,,,,,,,,,,N,N,
2009,1,260,P,"Thompson, Jr., William C",K,3,ABC,,,R0005232,7/11/2007,,Stonnington Group LLC,LLC,,,,Z,Los Angeles,CA,90071,,,,,,,1000,0,0,4,,,,,,,,,,,,,,,,,,N,N,
2009,1,260,P,"Thompson, Jr., William C",K,4,ABC,,,R0012327,10/3/2007,,Stroffolino Realty LLC,LLC,,,,K,Brooklyn,NY,11228,,,,,,,225,0,0,2,,,,,,,,,,,,,,,,,,N,N,
2009,1,260,P,"Thompson, Jr., William C",K,4,ABC,,,R0012963,12/1/2007,,STVE PAC,PCOMP,,,,Z,Douglassville,NY,19518,,,,,,,1000,0,0,2,,,,,,,,,,,,,,,,,,N,N,
2009,1,51,P,"Avella, Tony",K,4,ABC,,,R0001570,10/18/2007,,SWA Architecture PLLC,LLC,,,,Z,Huntington,NY,11743,,,,,,,500,0,0,2,,,,,,,,,,,,,,,,,,N,N,
2009,1,51,P,"Avella, Tony",K,4,ABC,,,R0001804,12/17/2007,,Sylvan Forester Garage LLC,LLC,,,,Q,Forest Hills,NY,11375,,,,,,,250,0,0,2,2,"Petraro, Vincent L",,,,East Rockaway,NY,11518,Vincent L. Petraro PLLC,350,7th Avenue,New York,NY,Attorney,,,,N,N,IND
2009,1,260,P,"Thompson, Jr., William C",K,2,ABC,,,R0002930,10/7/2006,,Taconic Investment Partners LL,LLC,,,,M,New York,NY,10011,,,,,,,5000,0,0,2,,,,,,,,,,,,,,,,,,N,N,
2009,1,260,P,"Thompson, Jr., William C",K,2,M,,,R0003303,10/7/2006,12/20/2006,Taconic Investment Partners LL,LLC,,,,M,New York,NY,10011,,,,,,,-50,0,0,0,,,,,,,,,,,,,,,,,2,N,N,
2009,1,260,P,"Thompson, Jr., William C",K,1,ABC,,,R0002294,7/1/2006,,Taxpayers for an Affordable N,PCOMP,,,,M,New York,NY,10022,,,,,,,2000,0,0,2,,,,,,,,,,,,,,,,,,N,N,
2009,1,260,P,"Thompson, Jr., William C",K,1,ABC,,,R0002360,7/11/2006,,Taxpayers for an Affordable N,PCOMP,,,,M,New York,NY,10022,,,,,,,2000,0,2000,2,,,,,,,,,,,,,,,,,,N,N,
2009,1,260,P,"Thompson, Jr., William C",K,11,ABC,,,R0021688,8/31/2009,,Tempo 802,EMPO,,,,M,New York,NY,10036,,,,,,,500,0,0,2,,,,,,,,,,,,,,,,,,N,N,
2009,1,260,P,"Thompson, Jr., William C",K,13,ABC,,,R0023705,9/28/2009,,The Bradley Group,OTHR,,,,M,New York,NY,10027,,,,,,,100,0,0,2,,,,,,,,,,,,,,,,,,N,N,
2009,1,260,P,"Thompson, Jr., William C",K,3,ABC,,,R0003919,2/24/2007,,The Holland & Knight Comm for,PCOMP,,,,M,New York,NY,10007,,,,,,,1000,0,0,2,,,,,,,,,,,,,,,,,,N,N,
2009,1,260,P,"Thompson, Jr., William C",K,6,ABC,,,R0015796,12/20/2008,,The Holland & Knight Comm for,PCOMP,,,,M,New York,NY,10007,,,,,,,1000,0,1000,2,,,,,,,,,,,,,,,,,,N,N,
2009,1,51,P,"Avella, Tony",K,2,ABC,,,R0000416,8/8/2006,,The Parkside Group,LLC,,,,M,New York,NY,10038,,,,,,,1000,0,0,2,,,,,,,,,,,,,,,,,,N,N,
2009,1,51,P,"Avella, Tony",K,2,ABC,,,R0000720,10/23/2006,,The Parkside Group,LLC,,,,M,New York,NY,10038,,,,,,,1500,0,1000,2,,,,,,,,,,,,,,,,,,N,N,
2009,1,51,P,"Avella, Tony",K,3,ABC,,,R0001089,4/2/2007,,The Parkside Group,LLC,,,,M,New York,NY,10038,,,,,,,250,0,2500,2,,,,,,,,,,,,,,,,,,N,N,
2009,1,51,P,"Avella, Tony",K,4,ABC,,,R0001614,10/29/2007,,The Parkside Group,LLC,,,,M,New York,NY,10038,,,,,,,500,0,2750,2,,,,,,,,,,,,,,,,,,N,N,
2009,1,260,P,"Thompson, Jr., William C",K,4,ABC,,,R0013057,12/8/2007,,The Parkside Group LLC,LLC,,,,M,New York,NY,10038,,,,,,,500,0,0,2,,,,,,,,,,,,,,,,,,N,N,
2009,1,260,P,"Thompson, Jr., William C",K,1,ABC,,,R0002330,7/8/2006,,The Williams Capital Group L.P,PART,,,,M,New York,NY,10019,,,,,,,1000,0,0,2,,,,,,,,,,,,,,,,,,N,N,
2009,1,260,P,"Thompson, Jr., William C",K,2,ABC,,,R0002923,10/7/2006,,The Williams Capital Group L.P,PART,,,,M,New York,NY,10019,,,,,,,3950,0,1000,2,,,,,,,,,,,,,,,,,,N,N,
2009,1,51,P,"Avella, Tony",K,2,ABC,,,R0000597,10/10/2006,,The Witkoff Group,PART,,,,M,New York,NY,10017,,,,,,,2000,0,0,2,,,,,,,,,,,,,,,,,,N,N,
2009,1,260,P,"Thompson, Jr., William C",K,2,ABC,,,R0002865,9/23/2006,,Thomas Jefferson Home for Adul,PART,,,,K,Brooklyn,NY,11236,,,,,,,500,0,0,2,,,,,,,,,,,,,,,,,,N,N,
2009,1,260,P,"Thompson, Jr., William C",K,2,ABC,,,R0003531,11/18/2006,,TLM Associates LLC,LLC,,,,M,New York,NY,10003,,,,,,,1000,0,0,2,,,,,,,,,,,,,,,,,,N,N,
2009,1,260,P,"Thompson, Jr., William C",K,2,ABC,,,R0003672,12/16/2006,,Tourism Advocacy Coalition PAC,PCOMP,,,,M,New York,NY,10019,,,,,,,500,0,0,2,,,,,,,,,,,,,,,,,,N,N,
2009,1,260,P,"Thompson, Jr., William C",K,11,ABC,,,R0020808,8/18/2009,,Transport Wrks Union Local 100,PCOMP,,,,M,New York,NY,10023,,,,,,,4500,0,1000,2,,,,,,,,,,,,,,,,,,N,N,
2009,1,260,P,"Thompson, Jr., William C",K,4,ABC,,,R0012449,10/20/2007,,Transport Wrks Union Local 100,PCOMP,,,,M,New York,NY,10023,,,,,,,1000,0,0,2,,,,,,,,,,,,,,,,,,N,N,
2009,1,260,P,"Thompson, Jr., William C",K,11,M,,,R0021200,8/18/2009,8/28/2009,Transport Wrks Union Local 100,PCOMP,,,,M,New York,NY,10023,,,,,,,-550,0,0,0,,,,,,,,,,,,,,,,,2,N,N,
2009,1,51,P,"Avella, Tony",K,2,ABC,,,R0000602,10/10/2006,,Uniformed Fire Officers Associ,EMPO,,,,M,New York,NY,10007,,,,,,,150,0,0,2,,,,,,,,,,,,,,,,,,N,N,
2009,1,260,P,"Thompson, Jr., William C",K,2,ABC,,,R0003622,12/9/2006,,Uniformed Firefighters Assn.,PCOMP,,,,M,New York,NY,10010,,,,,,,4950,0,0,2,,,,,,,,,,,,,,,,,,N,N,
2009,1,51,P,"Avella, Tony",K,3,ABC,,,R0001095,4/2/2007,,United Brotherhood of Carpente,EMPO,,,,K,Brooklyn,NY,11231,,,,,,,500,0,0,2,,,,,,,,,,,,,,,,,,N,N,
2009,1,51,P,"Avella, Tony",K,6,M,,,R0002598,4/2/2007,10/10/2008,United Brotherhood of Carpente,EMPO,,,,K,Brooklyn,NY,11231,,,,,,,-500,0,0,0,,,,,,,,,,,,,,,,,2,N,N,
2009,1,260,P,"Thompson, Jr., William C",K,1,ABC,,,R0001948,5/26/2006,,United Federation of Teachers,PCOMP,,,,M,New York,NY,10004,,,,,,,2000,0,0,2,,,,,,,,,,,,,,,,,,N,N,
2009,1,260,P,"Thompson, Jr., William C",K,2,ABC,,,R0003491,11/18/2006,,United Federation of Teachers,PCOMP,,,,M,New York,NY,10004,,,,,,,2500,0,2000,2,,,,,,,,,,,,,,,,,,N,N,
2009,1,260,P,"Thompson, Jr., William C",K,4,ABC,,,R0012478,10/27/2007,,United Federation of Teachers,PCOMP,,,,M,New York,NY,10004,,,,,,,450,0,4500,2,,,,,,,,,,,,,,,,,,N,N,
2009,1,51,P,"Avella, Tony",K,4,ABC,,,R0001548,10/18/2007,,United Federation of Teachers,EMPO,,,,M,New York,NY,10004,,,,,,,500,0,0,2,,,,,,,,,,,,,,,,,,N,N,
2009,1,51,P,"Avella, Tony",K,3,ABC,,,R0001191,5/29/2007,,United Food Commercial Workers,EMPO,,,,Z,Washington,DC,20006,,,,,,,1000,0,0,2,,,,,,,,,,,,,,,,,,N,N,
2009,1,260,P,"Thompson, Jr., William C",K,2,ABC,,,R0002763,7/31/2006,,Verizon Comm. Inc.  Good Govrn,PCOMP,,,,M,New York,NY,10036,,,,,,,1000,0,0,2,,,,,,,,,,,,,,,,,,N,N,
2009,1,260,P,"Thompson, Jr., William C",K,3,ABC,,,R0003905,2/3/2007,,Verizon Comm. Inc.  Good Govrn,PCOMP,,,,M,New York,NY,10036,,,,,,,1000,0,1000,2,,,,,,,,,,,,,,,,,,N,N,
2009,1,51,P,"Avella, Tony",K,3,ABC,,,R0000952,1/22/2007,,Verizon Good Government Club,PCOMP,,,,M,New York,NY,10007,,,,,,,500,0,0,2,,,,,,,,,,,,,,,,,,N,N,
2009,1,260,P,"Thompson, Jr., William C",K,4,ABC,,,R0013229,12/27/2007,,Volmar Realty Co LLC,LLC,,,,K,Brooklyn,NY,11232,,,,,,,1000,0,0,2,,,,,,,,,,,,,,,,,,N,N,
2009,1,260,P,"Thompson, Jr., William C",K,3,ABC,,,R0003899,1/21/2007,,"W.G. & Associates, LLC",PART,,,,M,New York,NY,10011,,,,,,,1500,0,0,2,,,,,,,,,,,,,,,,,,N,N,
2009,1,260,P,"Thompson, Jr., William C",K,2,ABC,,,R0002768,8/28/2006,,Waste Management LLC,PART,,,,K,Brooklyn,NY,11237,,,,,,,4000,0,0,2,,,,,,,,,,,,,,,,,,N,N,
2009,1,260,P,"Thompson, Jr., William C",K,2,ABC,,,R0003741,1/8/2007,,Waste Management LLC,PART,,,,K,Brooklyn,NY,11237,,,,,,,950,0,4000,2,,,,,,,,,,,,,,,,,,N,N,
2009,1,260,P,"Thompson, Jr., William C",K,3,M,,,R0005169,8/28/2006,7/11/2007,Waste Management LLC,PART,,,,K,Brooklyn,NY,11237,,,,,,,-2450,0,0,0,,,,,,,,,,,,,,,,,2,N,N,
2009,1,260,P,"Thompson, Jr., William C",K,15,ABC,,,R0030814,10/29/2009,,Weiner 09,PCOMP,,,,M,New York,NY,10170,,,,,,,4950,0,0,2,,,,,,,,,,,,,,,,,,N,N,
2009,1,260,P,"Thompson, Jr., William C",K,4,ABC,,,R0012634,11/9/2007,,Weisman & Calderon LLP,LLC,,,,Z,Mt. Vernon,NY,10550,,,,,,,250,0,0,2,,,,,,,,,,,,,,,,,,N,N,
2009,1,260,P,"Thompson, Jr., William C",K,1,ABC,,,R0002169,6/17/2006,,Westport Capital Partners LLC,LLC,,,,Z,Westport,CT,6880,,,,,,,2500,0,0,2,2,"Scharf, Yehuda D",,,,New York,NY,10024,Morrison Cohen LLP,909,3rd Avenue,New York,NY,Attorney,,,,N,N,IND
2009,1,260,P,"Thompson, Jr., William C",K,1,ABC,,,R0002302,7/1/2006,,Wetherly Capital Group LLC,LLC,,,,Z,Los Angeles,CA,90025,,,,,,,4950,0,0,2,,,,,,,,,,,,,,,,,,N,N,
2009,1,51,P,"Avella, Tony",K,3,ABC,,,R0001237,6/11/2007,,Whitestone Jewels LLC,LLC,,,,M,New York,NY,10036,,,,,,,1000,0,0,2,,,,,,,,,,,,,,,,,,N,N,
2009,1,51,P,"Avella, Tony",K,4,ABC,,,R0001557,10/18/2007,,Whitestone Jewels LLC,LLC,,,,M,New York,NY,10036,,,,,,,500,0,1000,2,,,,,,,,,,,,,,,,,,N,N,
2009,1,260,P,"Thompson, Jr., William C",K,3,ABC,,,R0005027,7/9/2007,,"Wick Phillips, LLP",PART,,,,Z,Dallas,TX,75201,,,,,,,2500,0,0,2,,,,,,,,,,,,,,,,,,N,N,
2009,1,260,P,"Thompson, Jr., William C",K,8,ABC,,,R0017191,4/2/2009,,Wilson Elsner Moskowitz Edelma,PCOMP,,,,Z,Albany,NY,12207,,,,,,,500,0,0,2,,,,,,,,,,,,,,,,,,N,N,
2009,1,51,P,"Avella, Tony",K,2,ABC,,,R0000707,10/23/2006,,"Wilson, Elser, Moskowitz",PCOMP,,,,Z,Albany,NY,12207,,,,,,,500,0,0,2,,,,,,,,,,,,,,,,,,N,N,
2009,1,260,P,"Thompson, Jr., William C",K,2,ABC,,,R0002926,10/7/2006,,"Wilson, Elser, Moskowitz, Edel",PART,,,,M,New York,NY,10017,,,,,,,2500,0,0,2,,,,,,,,,,,,,,,,,,N,N,
2009,1,260,P,"Thompson, Jr., William C",K,2,ABC,,,R0003674,12/16/2006,,Wolf Popper LLP,PART,,,,M,New York,NY,10022,,,,,,,5000,0,0,2,,,,,,,,,,,,,,,,,,N,N,
2009,1,260,P,"Thompson, Jr., William C",K,2,M,,,R0003675,12/16/2006,1/5/2007,Wolf Popper LLP,PART,,,,M,New York,NY,10022,,,,,,,-50,0,0,0,,,,,,,,,,,,,,,,,2,N,N,
2009,1,260,P,"Thompson, Jr., William C",K,2,ABC,,,R0002867,9/23/2006,,"WPR, LLC",LLC,,,,,,,,,,,,,,1000,0,0,2,,,,,,,,,,,,,,,,,,N,N,
2009,1,260,P,"Thompson, Jr., William C",K,3,ABC,,,R0004348,6/9/2007,,"Yankee Global Enterprises, LLC",LLC,,,,Z,Tampa,FL,33614,,,,,,,4950,0,0,2,,,,,,,,,,,,,,,,,,N,N,
2009,1,260,P,"Thompson, Jr., William C",K,3,ABC,,,R0003907,2/3/2007,,YP PAC,PCOMP,,,,Z,Scranton,PA,18502,,,,,,,4000,0,0,2,,,,,,,,,,,,,,,,,,N,N,
2009,1,260,P,"Thompson, Jr., William C",K,4,ABC,,,R0013350,12/31/2007,,Zygote LLC,LLC,,,,X,Bronx,NY,10463,,,,,,,500,0,0,2,,,,,,,,,,,,,,,,,,N,N,
