ELECTION,OFFICECD,RECIPID,CANCLASS,RECIPNAME,COMMITTEE,FILING,SCHEDULE,PAGENO,SEQUENCENO,REFNO,DATE,REFUNDDATE,NAME,C_CODE,STRNO,STRNAME,APARTMENT,BOROUGHCD,CITY,STATE,ZIP,OCCUPATION,EMPNAME,EMPSTRNO,EMPSTRNAME,EMPCITY,EMPSTATE,AMNT,MATCHAMNT,PREVAMNT,PAY_METHOD,INTERMNO,INTERMNAME,INTSTRNO,INTSTRNM,INTAPTNO,INTCITY,INTST,INTZIP,INTEMPNAME,INTEMPSTNO,INTEMPSTNM,INTEMPCITY,INTEMPST,INTOCCUPA,PURPOSECD,EXEMPTCD,ADJTYPECD,RR_IND,SEG_IND,INT_C_CODE
2017,1,326,P,"de Blasio, Bill",P,12,ABC,,,R0080872,9/9/2017,,1199/SEIU NYS Pol. Action Fund,PCOMP,,,,M,New York,NY,10108,,,,,,,4950,0,0,2,,,,,,,,,,,,,,,,,,N,N,
2017,1,326,P,"de Blasio, Bill",P,5,ABC,,,R0047505,7/8/2016,,32BJ United ADF,PCOMP,,,,M,New York,NY,10011,,,,,,,2500,0,0,2,,,,,,,,,,,,,,,,,,N,N,
2017,1,326,P,"de Blasio, Bill",P,6,ABC,,,R0054025,1/11/2017,,32BJ United ADF,PCOMP,,,,M,New York,NY,10011,,,,,,,2450,0,2500,2,,,,,,,,,,,,,,,,,,N,N,
2017,1,326,P,"de Blasio, Bill",P,12,ABC,,,R0080877,9/11/2017,,ACEC New York City PAC,PCOMP,,,,M,New York,NY,10018,,,,,,,4950,0,0,2,,,,,,,,,,,,,,,,,,N,N,
2017,1,326,P,"de Blasio, Bill",P,10,ABC,,,R0077856,8/7/2017,,AFSCME DC 1707 PAC,PCOMP,,,,M,New York,NY,10013,,,,,,,500,0,0,2,,,,,,,,,,,,,,,,,,N,N,
2017,1,326,P,"de Blasio, Bill",P,15,ABC,,,R0085303,10/25/2017,,AFSCME DC 1707 PAC,PCOMP,,,,M,New York,NY,10013,,,,,,,3000,0,500,2,,,,,,,,,,,,,,,,,,N,N,
2017,1,326,P,"de Blasio, Bill",P,15,ABC,,,R0088616,11/8/2017,,AFSCME International,EMPO,,,,Z,Washington,DC,20036,,,,,,,4950,0,0,2,,,,,,,,,,,,,,,,,,N,N,
2017,1,326,P,"de Blasio, Bill",P,6,ABC,,,R0054039,1/6/2017,,AFSCME Local 1407,EMPO,,,,M,New York,NY,10007,,,,,,,1000,0,0,2,,,,,,,,,,,,,,,,,,N,N,
2017,1,326,P,"de Blasio, Bill",P,15,ABC,,,R0089923,11/15/2017,,AFT Michigan,EMPO,,,,Z,Detroit,MI,48207,,,,,,,1000,0,0,2,,,,,,,,,,,,,,,,,,N,N,
2017,1,326,P,"de Blasio, Bill",P,14,ABC,,,R0084657,10/20/2017,,Amalgamated Transit Union Loca,EMPO,,,,Q,Queens Village,NY,11428,,,,,,,2500,0,0,2,,,,,,,,,,,,,,,,,,N,N,
2017,1,326,P,"de Blasio, Bill",P,5,ABC,,,R0047919,7/11/2016,,American Federation of Teacher,EMPO,,,,Z,Washington,DC,20001,,,,,,,4950,0,0,2,,,,,,,,,,,,,,,,,,N,N,
2017,1,2084,P,"Bashner, Richard S",H,9,ABC,,,R0000213,6/12/2017,,Article the Fifth Trust uwo Ar,OTHR,,,,Z,Yonkers,NY,10705,,,,,,,2500,0,0,2,,,,,,,,,,,,,,,,,,N,N,
2017,1,2071,P,"Malliotakis, Nicole",H,9,ABC,,,R0007108,7/10/2017,,Association of Surrogates Repo,OTHR,,,,M,New York,NY,10007,,,,,,,500,0,0,2,,,,,,,,,,,,,,,,,,N,N,
2017,1,326,P,"de Blasio, Bill",P,15,ABC,,,R0088358,11/2/2017,,Association of Theatrical Pres,EMPO,,,,M,New York,NY,10036,,,,,,,400,0,0,2,,,,,,,,,,,,,,,,,,N,N,
2017,1,326,P,"de Blasio, Bill",P,4,ABC,,,R0043263,10/15/2015,,ATU NY COPE Fund,PCOMP,,,,Z,Washington,DC,20016,,,,,,,4950,0,0,2,,,,,,,,,,,,,,,,,,N,N,
2017,1,2071,P,"Malliotakis, Nicole",H,10,ABC,,,R0008357,7/20/2017,,Believe in New York,PCOMP,,,,Z,RIDGEFIELD,CT,6877,,,,,,,1000,0,0,2,,,,,,,,,,,,,,,,,,N,N,
2017,1,2071,P,"Malliotakis, Nicole",H,16,M,,,R0015635,7/20/2017,9/21/2017,Believe in New York,PCOMP,,,,Z,RIDGEFIELD,CT,6877,,,,,,,-1000,0,0,0,,,,,,,,,,,,,,,,,2,N,N,
2017,1,2071,P,"Malliotakis, Nicole",H,9,ABC,,,R0002906,6/6/2017,,Boyle for Senate,OTHR,,,,Z,BAYSHORE,NY,11706,,,,,,,500,0,0,2,,,,,,,,,,,,,,,,,,N,N,
2017,1,2071,P,"Malliotakis, Nicole",H,15,ABC,,,R0024273,10/24/2017,,BRING BROOKLYN BACK,PCOMP,,,,Z,MINEOLA,NY,11501,,,,,,,200,0,0,2,,,,,,,,,,,,,,,,,,N,N,
2017,1,326,P,"de Blasio, Bill",P,5,ABC,,,R0046900,7/6/2016,,Building & Construction Trades,PCOMP,,,,M,New York,NY,10010,,,,,,,2500,0,0,2,,,,,,,,,,,,,,,,,,N,N,
2017,1,326,P,"de Blasio, Bill",P,8,ABC,,,R0066576,5/2/2017,,Building for New Yorkers PAC,PCOMP,,,,Z,Merrick,NY,11566,,,,,,,4950,0,0,2,,,,,,,,,,,,,,,,,,N,N,
2017,1,326,P,"de Blasio, Bill",P,7,ABC,,,R0059595,3/5/2017,,California State Council of Un,EMPO,,,,Z,San Francisco,CA,94102,,,,,,,4950,0,0,2,,,,,,,,,,,,,,,,,,N,N,
2017,1,326,P,"de Blasio, Bill",P,10,M,,,R0078405,3/5/2017,7/26/2017,California State Council of Un,EMPO,,,,Z,San Francisco,CA,94102,,,,,,,-4950,0,0,0,,,,,,,,,,,,,,,,,2,N,N,
2017,1,326,P,"de Blasio, Bill",P,5,ABC,,,R0046958,7/6/2016,,Captains Endowment Association,PCOMP,,,,M,New York,NY,10038,,,,,,,2000,0,0,2,,,,,,,,,,,,,,,,,,N,N,
2017,1,AU,P,"Albanese, Sal F",J,10,ABC,,,R0003227,8/1/2017,,Captains Endowment Association,PCOMP,,,,M,New York,NY,10038,,,,,,,750,0,0,2,,,,,,,,,,,,,,,,,,N,N,
2017,1,326,P,"de Blasio, Bill",P,8,ABC,,,R0067071,5/9/2017,,Carolyn's PAC,PCOMP,,,,M,New York,NY,10128,,,,,,,1000,0,0,2,,,,,,,,,,,,,,,,,,N,N,
2017,1,326,P,"de Blasio, Bill",P,9,M,,,R0072691,5/9/2017,7/6/2017,Carolyn's PAC,PCOMP,,,,M,New York,NY,10128,,,,,,,-1000,0,0,0,,,,,,,,,,,,,,,,,2,N,N,
2017,1,326,P,"de Blasio, Bill",P,11,ABC,,,R0078975,8/23/2017,,Civil Service Technical Guild,PCOMP,,,,M,New York,NY,10007,,,,,,,4950,0,0,2,,,,,,,,,,,,,,,,,,N,N,
2017,1,326,P,"de Blasio, Bill",P,12,M,,,R0080738,8/23/2017,9/6/2017,Civil Service Technical Guild,PCOMP,,,,M,New York,NY,10007,,,,,,,-4950,0,0,0,,,,,,,,,,,,,,,,,1,N,N,
2017,1,2071,P,"Malliotakis, Nicole",H,11,ABC,,,R0009968,8/14/2017,,CONSERVATIVE PARTY OF MONROE C,PCOMP,,,,Z,PITTSFORD,NY,14534,,,,,,,1000,0,0,2,,,,,,,,,,,,,,,,,,N,N,
2017,1,2071,P,"Malliotakis, Nicole",H,11,M,,,R0010610,8/14/2017,8/15/2017,CONSERVATIVE PARTY OF MONROE C,PCOMP,,,,Z,PITTSFORD,NY,14534,,,,,,,-1000,0,0,0,,,,,,,,,,,,,,,,,2,N,N,
2017,1,326,P,"de Blasio, Bill",P,8,ABC,,,R0068181,5/9/2017,,Corey 2017,PCOMC,,,,M,New York,NY,10001,Not Employed,Not Employed,200,West 26th Street,New York,NY,2382,0,0,4,,,,,,,,,,,,,,,,,,N,N,
2017,1,326,P,"de Blasio, Bill",P,8,ABC,,,R0068482,5/11/2017,,Corey 2017,PCOMC,,,,M,New York,NY,10001,Not Employed,Not Employed,200,West 26th Street,New York,NY,125,0,2382,4,,,,,,,,,,,,,,,,,,N,N,
2017,1,326,P,"de Blasio, Bill",P,9,ABC,,,R0071977,6/27/2017,,Corey 2017,PCOMC,,,,M,New York,NY,10001,Not Employed,Not Employed,200,West 26th Street,New York,NY,2443,0,2507,2,,,,,,,,,,,,,,,,,,N,N,
2017,1,AU,P,"Albanese, Sal F",J,8,ABC,,,R0001852,4/28/2017,,Correction Captains Associatio,PCOMP,,,,K,Brooklyn,NY,11232,,,,,,,1000,0,0,2,,,,,,,,,,,,,,,,,,N,N,
2017,1,AU,P,"Albanese, Sal F",J,11,ABC,,,R0003514,8/11/2017,,Correction Officers Benevolent,PCOMP,,,,M,New York,NY,10004,,,,,,,2450,0,2500,2,,,,,,,,,,,,,,,,,,N,N,
2017,1,AU,P,"Albanese, Sal F",J,9,ABC,,,R0002710,6/28/2017,,Correction Officers Benevolent,PCOMP,,,,M,New York,NY,10004,,,,,,,2500,0,0,2,,,,,,,,,,,,,,,,,,N,N,
2017,1,326,P,"de Blasio, Bill",P,5,ABC,,,R0046963,6/29/2016,,Council of School Supervisors,PCOMP,,,,M,New York,NY,10006,,,,,,,2500,0,0,2,,,,,,,,,,,,,,,,,,N,N,
2017,1,326,P,"de Blasio, Bill",P,6,ABC,,,R0053549,1/6/2017,,Council of School Supervisors,PCOMP,,,,M,New York,NY,10006,,,,,,,2450,0,2500,2,,,,,,,,,,,,,,,,,,N,N,
2017,1,326,P,"de Blasio, Bill",P,4,ABC,,,R0043149,10/27/2015,,Cozen O'Connor Empire State PA,PCOMP,,,,Z,Philadelphia,PA,19103,,,,,,,2000,0,0,2,,,,,,,,,,,,,,,,,,N,N,
2017,1,326,P,"de Blasio, Bill",P,10,ABC,,,R0077229,8/1/2017,,CSE Political Action Fund,PCOMP,,,,Z,Albany,NY,12210,,,,,,,2500,0,0,2,,,,,,,,,,,,,,,,,,N,N,
2017,1,326,P,"de Blasio, Bill",P,4,ABC,,,R0043123,10/21/2015,,CWA District One PAC,PCOMP,,,,M,New York,NY,10005,,,,,,,2500,0,0,2,,,,,,,,,,,,,,,,,,N,N,
2017,1,326,P,"de Blasio, Bill",P,5,ABC,,,R0045160,5/5/2016,,CWA District One PAC,PCOMP,,,,M,New York,NY,10005,,,,,,,2450,0,2500,2,,,,,,,,,,,,,,,,,,N,N,
2017,1,326,P,"de Blasio, Bill",P,4,ABC,,,R0043301,10/28/2015,,D & M PAC LLC,PCOMP,,,,M,New York,NY,10158,,,,,,,1500,0,0,2,2167,"Davidoff, Sid",,,,New York,NY,10017,Davidoff Malito & Hutcher,605,Third Ave,New York,NY,Partner,,,,N,N,IND
2017,1,326,P,"de Blasio, Bill",P,5,ABC,,,R0044751,5/12/2016,,D&M P.A.C. LLC,PCOMP,,,,M,New York,NY,10158,,,,,,,200,0,0,2,,,,,,,,,,,,,,,,,,N,N,
2017,1,2071,P,"Malliotakis, Nicole",H,12,ABC,,,R0014830,9/18/2017,,D.E.A.C.O.P.E. FUND,PCOMP,,,,M,New York,NY,10007,,,,,,,3950,0,1000,2,,,,,,,,,,,,,,,,,,N,N,
2017,1,2071,P,"Malliotakis, Nicole",H,9,ABC,,,R0003680,6/27/2017,,D.E.A.C.O.P.E. FUND,PCOMP,,,,M,New York,NY,10007,,,,,,,1000,0,0,2,,,,,,,,,,,,,,,,,,N,N,
2017,1,326,P,"de Blasio, Bill",P,15,ABC,,,R0085302,10/25/2017,,DC 1707 - Local 253,EMPO,,,,M,New York,NY,10036,,,,,,,500,0,0,2,,,,,,,,,,,,,,,,,,N,N,
2017,1,326,P,"de Blasio, Bill",P,4,ABC,,,R0043575,12/21/2015,,DC 37,OTHR,,,,M,New York,NY,10007,,,,,,,3500,0,0,2,,,,,,,,,,,,,,,,,,N,N,
2017,1,326,P,"de Blasio, Bill",P,5,ABC,,,R0047256,7/9/2016,,DC 37,OTHR,,,,M,New York,NY,10007,,,,,,,1450,0,3500,2,,,,,,,,,,,,,,,,,,N,N,
2017,1,326,P,"de Blasio, Bill",P,11,ABC,,,R0078971,8/24/2017,,DC 37- Local 1320,EMPO,,,,M,New York,NY,10007,,,,,,,1000,0,0,2,,,,,,,,,,,,,,,,,,N,N,
2017,1,326,P,"de Blasio, Bill",P,11,ABC,,,R0078987,8/23/2017,,DC 37- Local 1407 PAC,PCOMP,,,,M,New York,NY,10007,,,,,,,1000,0,0,2,,,,,,,,,,,,,,,,,,N,N,
2017,1,326,P,"de Blasio, Bill",P,11,ABC,,,R0078981,8/23/2017,,DC 37- Local 1505,EMPO,,,,M,New York,NY,10007,,,,,,,1950,0,0,2,,,,,,,,,,,,,,,,,,N,N,
2017,1,326,P,"de Blasio, Bill",P,11,ABC,,,R0078983,8/23/2017,,DC 37- Local 461,EMPO,,,,M,New York,NY,10013,,,,,,,3500,0,0,2,,,,,,,,,,,,,,,,,,N,N,
2017,1,326,P,"de Blasio, Bill",P,11,ABC,,,R0078985,8/23/2017,,DC 37- Local 508,EMPO,,,,M,New York,NY,10007,,,,,,,3500,0,0,2,,,,,,,,,,,,,,,,,,N,N,
2017,1,326,P,"de Blasio, Bill",P,12,ABC,,,R0080727,9/1/2017,,DC 37- Local 638 Steamfitters,PCOMP,,,,Q,Long Island City,NY,11101,,,,,,,500,0,0,2,,,,,,,,,,,,,,,,,,N,N,
2017,1,326,P,"de Blasio, Bill",P,11,ABC,,,R0078979,8/23/2017,,DC 37-Local 1455,EMPO,,,,M,New York,NY,10007,,,,,,,500,0,0,2,,,,,,,,,,,,,,,,,,N,N,
2017,1,326,P,"de Blasio, Bill",P,11,ABC,,,R0078961,8/23/2017,,DC 37– Local 1070,EMPO,,,,,,,,,,,,,,500,0,0,2,,,,,,,,,,,,,,,,,,N,N,
2017,1,AU,P,"Albanese, Sal F",J,10,ABC,,,R0003251,7/20/2017,,DEA COPE Fund,PCOMP,,,,M,New York,NY,10007,,,,,,,2450,0,2500,2,,,,,,,,,,,,,,,,,,N,N,
2017,1,AU,P,"Albanese, Sal F",J,8,ABC,,,R0001854,3/24/2017,,DEA COPE Fund,PCOMP,,,,M,New York,NY,10007,,,,,,,1000,0,0,2,,,,,,,,,,,,,,,,,,N,N,
2017,1,AU,P,"Albanese, Sal F",J,9,ABC,,,R0002708,7/6/2017,,DEA COPE Fund,PCOMP,,,,M,New York,NY,10007,,,,,,,1500,0,1000,2,,,,,,,,,,,,,,,,,,N,N,
2017,1,2055,P,"De La Fuente, Roque R",H,8,ABC,,,R0000051,4/21/2017,,Derrick Lee,PCOMC,,,,M,New York,NY,10036,,,,,,,100,0,0,1,,,,,,,,,,,,,,,,,,N,N,
2017,1,AU,P,"Albanese, Sal F",J,10,ABC,,,R0003257,8/2/2017,,Detectove Investigators Associ,PCOMP,,,,M,New York,NY,10013,,,,,,,250,0,0,2,,,,,,,,,,,,,,,,,,N,N,
2017,1,AU,P,"Albanese, Sal F",J,11,M,,,R0003431,8/2/2017,8/24/2017,Detectove Investigators Associ,PCOMP,,,,M,New York,NY,10013,,,,,,,-250,0,0,0,,,,,,,,,,,,,,,,,2,N,N,
2017,1,AU,P,"Albanese, Sal F",J,10,ABC,,,R0003204,7/18/2017,,DRIVE Commitee,PCOMP,,,,Z,Washington,DC,20001,,,,,,,2500,0,0,2,,,,,,,,,,,,,,,,,,N,N,
2017,1,326,P,"de Blasio, Bill",P,9,ABC,,,R0072060,6/28/2017,,Duane Morris LLP,PCOMP,,,,Z,Philadelphia,PA,19103,,,,,,,1000,0,0,2,,,,,,,,,,,,,,,,,,N,N,
2017,1,2071,P,"Malliotakis, Nicole",H,13,ABC,,,R0017305,10/2/2017,,EMPIRE DENTAL POLITICAL ACTION,PCOMP,,,,Z,ALBANY,NY,12211,,,,,,,500,0,0,2,,,,,,,,,,,,,,,,,,N,N,
2017,1,AU,P,"Albanese, Sal F",J,8,ABC,,,R0001862,5/4/2017,,FIREPAC,PCOMP,,,,M,New York,NY,10010,,,,,,,1000,0,0,2,,,,,,,,,,,,,,,,,,N,N,
2017,1,AU,P,"Albanese, Sal F",J,9,ABC,,,R0002716,7/10/2017,,FIREPAC,PCOMP,,,,M,New York,NY,10010,,,,,,,3000,0,1000,2,,,,,,,,,,,,,,,,,,N,N,
2017,1,326,P,"de Blasio, Bill",P,14,ABC,,,R0083762,10/3/2017,,Friends of Aravella,PCOMP,,,,Z,Stamford,CT,6905,,,,,,,4950,0,0,2,,,,,,,,,,,,,,,,,,N,N,
2017,1,2071,P,"Malliotakis, Nicole",H,8,ABC,,,R0001107,5/9/2017,,Friends of Brian Kolb,OTHR,,,,Z,Canandaigua,NY,14424,,,,,,,2000,0,0,2,,,,,,,,,,,,,,,,,,N,N,
2017,1,2071,P,"Malliotakis, Nicole",H,10,ABC,,,R0008491,8/2/2017,,FRIENDS OF CAHILL,OTHR,,,,Q,Flushing,NY,10591,,,,,,,1000,0,0,2,,,,,,,,,,,,,,,,,,N,N,
2017,1,2071,P,"Malliotakis, Nicole",H,16,M,,,R0015632,8/2/2017,9/21/2017,FRIENDS OF CAHILL,OTHR,,,,Q,Flushing,NY,10591,,,,,,,-1000,0,0,0,,,,,,,,,,,,,,,,,2,N,N,
2017,1,326,P,"de Blasio, Bill",P,12,ABC,,,R0080777,8/29/2017,,Friends of Cultural Institutio,PCOMP,,,,Z,Albany,NY,12207,,,,,,,3000,0,0,2,,,,,,,,,,,,,,,,,,N,N,
2017,1,2071,P,"Malliotakis, Nicole",H,12,ABC,,,R0013854,9/18/2017,,FRIENDS OF MARTY GOLDEN,PCOMP,,,,K,Brooklyn,NY,11228,,,,,,,500,0,0,2,,,,,,,,,,,,,,,,,,N,N,
2017,1,326,P,"de Blasio, Bill",P,7,ABC,,,R0059917,3/11/2017,,"Gary Jones, Stacey Snider Ttee",OTHR,,,,Z,Los Angeles,CA,90024,,,,,,,4950,0,0,2,,,,,,,,,,,,,,,,,,N,N,
2017,1,326,P,"de Blasio, Bill",P,4,ABC,,,R0043964,1/11/2016,,Greenberg Taurig PAC,PCOMP,,,,M,New York,NY,10166,,,,,,,4950,0,0,2,82,"Wallace, Edward C",,,,New York,NY,10025,Greenberg Taurig,200,Park Avenue,New York,NY,Co-Managing,,,,N,N,IND
2017,1,326,P,"de Blasio, Bill",P,5,ABC,,,R0046005,6/20/2016,,Greenfield NYC,PCOMC,,,,K,Brooklyn,NY,11230,,,,,,,1000,0,0,2,,,,,,,,,,,,,,,,,,N,N,
2017,1,326,P,"de Blasio, Bill",P,4,ABC,,,R0043582,10/30/2015,,Gutman Mintz Baker & Sonnenfet,CORP,,,,Q,New Hyde Park,NY,11040,,,,,,,1000,0,0,4,,,,,,,,,,,,,,,,,,N,N,
2017,1,326,P,"de Blasio, Bill",P,4,M,,,R0043583,10/30/2015,10/30/2015,Gutman Mintz Baker & Sonnenfet,CORP,,,,Q,New Hyde Park,NY,11040,,,,,,,-1000,0,0,0,,,,,,,,,,,,,,,,,2,N,N,
2017,1,326,P,"de Blasio, Bill",P,2,ABC,,,R0042765,8/19/2014,,HANYC Political Action Committ,PCOMP,,,,M,New York,NY,10022,,,,,,,750,0,0,2,,,,,,,,,,,,,,,,,,N,N,
2017,1,326,P,"de Blasio, Bill",P,4,ABC,,,R0043113,10/19/2015,,HF Responsibility Fund,PCOMP,,,,M,New York,NY,10016,,,,,,,2500,0,0,2,,,,,,,,,,,,,,,,,,N,N,
2017,1,326,P,"de Blasio, Bill",P,15,ABC,,,R0088337,11/1/2017,,HNTB Holdings LTD,PCOMP,,,,Z,Kansas City,MO,64105,,,,,,,1000,0,0,2,,,,,,,,,,,,,,,,,,N,N,
2017,1,326,P,"de Blasio, Bill",P,16,M,,,R0090170,11/1/2017,12/5/2017,HNTB Holdings LTD,PCOMP,,,,Z,Kansas City,MO,64105,,,,,,,-1000,0,0,0,,,,,,,,,,,,,,,,,2,N,N,
2017,1,326,P,"de Blasio, Bill",P,7,ABC,,,R0059506,3/3/2017,,Howard L. Gottlieb Living Trus,OTHR,,,,Z,Skokie,IL,60077,,,,,,,4950,0,0,2,,,,,,,,,,,,,,,,,,N,N,
2017,1,326,P,"de Blasio, Bill",P,7,ABC,,,R0057690,2/5/2017,,I.B.E.W. New York PAC,PCOMP,,,,Z,Washington,DC,20001,,,,,,,1000,0,0,2,,,,,,,,,,,,,,,,,,N,N,
2017,1,326,P,"de Blasio, Bill",P,7,ABC,,,R0061221,3/9/2017,,I.B.E.W. New York PAC,PCOMP,,,,Z,Washington,DC,20001,,,,,,,3950,0,1000,2,,,,,,,,,,,,,,,,,,N,N,
2017,1,326,P,"de Blasio, Bill",P,8,ABC,,,R0063909,3/23/2017,,IBEW Local Union No. 3,EMPO,,,,Q,Fresh Meadows,NY,11365,,,,,,,4950,0,0,2,,,,,,,,,,,,,,,,,,N,N,
2017,1,326,P,"de Blasio, Bill",P,12,ABC,,,R0080832,9/8/2017,,IBT Joint Council No 16,PCOMP,,,,M,New York,NY,10011,,,,,,,4950,0,0,2,,,,,,,,,,,,,,,,,,N,N,
2017,1,326,P,"de Blasio, Bill",P,15,ABC,,,R0089928,11/15/2017,,Illinois Federation of Teacher,PCOMP,,,,Z,Westmont,IL,60559,,,,,,,1000,0,0,2,,,,,,,,,,,,,,,,,,N,N,
2017,1,326,P,"de Blasio, Bill",P,14,ABC,,,R0083920,10/11/2017,,International Alliance of Thea,PCOMP,,,,M,New York,NY,10001,,,,,,,1000,0,0,2,,,,,,,,,,,,,,,,,,N,N,
2017,1,326,P,"de Blasio, Bill",P,4,ABC,,,R0043122,10/21/2015,,Intl Union Oper Engin 14-14B,PCOMP,,,,Q,Flushing,NY,11354,,,,,,,4950,0,0,2,,,,,,,,,,,,,,,,,,N,N,
2017,1,326,P,"de Blasio, Bill",P,4,ABC,,,R0043281,10/26/2015,,"Intl Union Oper Engin 15, 15A",PCOMP,,,,Q,Long Island City,NY,11101,,,,,,,4950,0,0,2,,,,,,,,,,,,,,,,,,N,N,
2017,1,326,P,"de Blasio, Bill",P,9,ABC,,,R0072416,6/22/2017,,IUOE LOCAL 30,PCOMZ,,,,Q,Whitestone,NY,11357,,,,,,,4950,0,0,2,,,,,,,,,,,,,,,,,,N,N,
2017,1,326,P,"de Blasio, Bill",P,15,ABC,,,R0088547,11/7/2017,,Jackson Lewis P.C. Poltical Ac,PCOMP,,,,Z,Albany,NY,12207,,,,,,,250,0,0,2,,,,,,,,,,,,,,,,,,N,N,
2017,1,2071,P,"Malliotakis, Nicole",H,14,M,,,R0019353,9/26/2017,10/11/2017,JANOVER LLC,LLC,,,,M,New York,NY,10022,,,,,,,-312.13,0,0,0,,,,,,,,,,,,,,,,,2,N,N,
2017,1,1910,UN,"Thompson, Josh",H,6,ABC,,,R0002090,11/2/2016,,Jeffries 2018,PCOMP,,,,Z,Jersey City,NJ,7305,Mayoral Candidate 2018,Jeffries 2018,,PO Box 22235,Newark,NJ,500,0,0,2,,,,,,,,,,,,,,,,,,N,N,
2017,1,2071,P,"Malliotakis, Nicole",H,12,ABC,,,R0011452,9/1/2017,,Kings County Conservative Part,PCOMP,,,,K,Brooklyn,NY,11209,,,,,,,1000,0,1350,2,,,,,,,,,,,,,,,,,,N,N,
2017,1,2071,P,"Malliotakis, Nicole",H,8,ABC,,,R0000139,4/25/2017,,Kings County Conservative Part,PCOMP,,,,K,Brooklyn,NY,11209,,,,,,,1000,0,0,2,,,,,,,,,,,,,,,,,,N,N,
2017,1,2071,P,"Malliotakis, Nicole",H,9,ABC,,,R0004792,6/29/2017,,Kings County Conservative Part,PCOMP,,,,K,Brooklyn,NY,11209,,,,,,,350,0,1000,2,5,"Lykourezos, Leonidas",,,,Brooklyn,NY,11209,Self Employed,8602,3rd Avenue,Brooklyn,NY,Restaurant Owner,,,,N,N,IND
2017,1,2071,P,"Malliotakis, Nicole",H,14,ABC,,,R0023344,10/21/2017,,Kings County Republican Party,PCOMP,,,,K,Brooklyn,NY,11209,,,,,,,500,0,250,2,,,,,,,,,,,,,,,,,,N,N,
2017,1,2071,P,"Malliotakis, Nicole",H,9,ABC,,,R0004796,6/29/2017,,Kings County Republican Party,PCOMP,,,,K,Brooklyn,NY,11209,,,,,,,250,0,0,2,,,,,,,,,,,,,,,,,,N,N,
2017,1,2071,P,"Malliotakis, Nicole",H,10,M,,,R0008611,6/29/2017,8/4/2017,Kings County Republican Party,PCOMP,,,,K,Brooklyn,NY,11209,,,,,,,-250,0,0,0,,,,,,,,,,,,,,,,,2,N,N,
2017,1,AU,P,"Albanese, Sal F",J,9,ABC,,,R0002714,7/10/2017,,Lietenants Benevolent Associat,PCOMP,,,,M,New York,NY,10038,,,,,,,500,0,0,2,,,,,,,,,,,,,,,,,,N,N,
2017,1,2071,P,"Malliotakis, Nicole",H,9,ABC,,,R0005572,7/7/2017,,Lieutenants Benevolent Assoc.,PCOMP,,,,M,New York,NY,10038,,,,,,,1000,0,0,2,,,,,,,,,,,,,,,,,,N,N,
2017,1,2071,P,"Malliotakis, Nicole",H,9,ABC,,,R0006479,7/10/2017,,Lieutenants Benevolent Assoc.,PCOMP,,,,M,New York,NY,10038,,,,,,,1000,0,1000,2,,,,,,,,,,,,,,,,,,N,N,
2017,1,326,P,"de Blasio, Bill",P,5,ABC,,,R0047602,6/7/2016,,Local 108 RWDSU AFL CIO,EMPO,,,,Z,Maplewood,NJ,7040,,,,,,,1000,0,0,2,,,,,,,,,,,,,,,,,,N,N,
2017,1,326,P,"de Blasio, Bill",P,5,ABC,,,R0047581,5/24/2016,,Local 1102 RWDSU,EMPO,,,,Z,Woodbury,NY,11797,,,,,,,2000,0,0,2,,,,,,,,,,,,,,,,,,N,N,
2017,1,326,P,"de Blasio, Bill",P,7,ABC,,,R0057701,1/26/2017,,Local 1102 RWDSU,EMPO,,,,Z,Woodbury,NY,11797,,,,,,,1000,0,2000,2,,,,,,,,,,,,,,,,,,N,N,
2017,1,326,P,"de Blasio, Bill",P,10,ABC,,,R0076562,7/14/2017,,Local 1109 CWA,EMPO,,,,K,Brooklyn,NY,11234,,,,,,,1500,0,0,2,,,,,,,,,,,,,,,,,,N,N,
2017,1,326,P,"de Blasio, Bill",P,15,ABC,,,R0088328,10/31/2017,,Local 1109 CWA,EMPO,,,,K,Brooklyn,NY,11234,,,,,,,3450,0,1500,2,,,,,,,,,,,,,,,,,,N,N,
2017,1,326,P,"de Blasio, Bill",P,14,ABC,,,R0083866,10/6/2017,,Local 1157– NYC Dept of Transp,EMPO,,,,M,New York,NY,10007,,,,,,,500,0,0,2,,,,,,,,,,,,,,,,,,N,N,
2017,1,AU,P,"Albanese, Sal F",J,10,ABC,,,R0003250,7/17/2017,,Local 1181 CWA,PCOMP,,,,Q,Astoria,NY,11106,,,,,,,1000,0,0,2,,,,,,,,,,,,,,,,,,N,N,
2017,1,326,P,"de Blasio, Bill",P,6,ABC,,,R0055537,1/11/2017,,Local 1182 Political Action,PCOMP,,,,Q,Forest Hills,NY,11375,,,,,,,1500,0,0,2,,,,,,,,,,,,,,,,,,N,N,
2017,1,326,P,"de Blasio, Bill",P,9,ABC,,,R0072417,6/27/2017,,Local 1182 Political Action,PCOMP,,,,Q,Forest Hills,NY,11375,,,,,,,1500,0,1500,2,,,,,,,,,,,,,,,,,,N,N,
2017,1,326,P,"de Blasio, Bill",P,5,ABC,,,R0047626,7/9/2016,,Local 1407 AFSCME Political Co,PCOMP,,,,M,New York,NY,10007,,,,,,,1000,0,0,2,,,,,,,,,,,,,,,,,,N,N,
2017,1,326,P,"de Blasio, Bill",P,4,ABC,,,R0043352,10/16/2015,,Local 147 Political Action Fun,PCOMP,,,,X,Bronx,NY,10470,,,,,,,4950,0,0,2,2167,"Davidoff, Sid",,,,New York,NY,10017,Davidoff Malito & Hutcher,605,Third Ave,New York,NY,Partner,,,,N,N,IND
2017,1,326,P,"de Blasio, Bill",P,5,ABC,,,R0045547,6/6/2016,,Local 1500 Political Candidate,PCOMP,,,,Z,Westbury,NY,11590,,,,,,,2000,0,0,2,,,,,,,,,,,,,,,,,,N,N,
2017,1,326,P,"de Blasio, Bill",P,6,ABC,,,R0054024,1/6/2017,,Local 1500 Political Candidate,PCOMP,,,,Z,Westbury,NY,11590,,,,,,,1000,0,2000,2,,,,,,,,,,,,,,,,,,N,N,
2017,1,326,P,"de Blasio, Bill",P,5,ABC,,,R0047258,7/6/2016,,Local 1505 American Federation,EMPO,,,,M,New York,NY,10007,,,,,,,2000,0,0,2,,,,,,,,,,,,,,,,,,N,N,
2017,1,326,P,"de Blasio, Bill",P,6,ABC,,,R0053882,1/5/2017,,Local 1505 American Federation,EMPO,,,,M,New York,NY,10007,,,,,,,1000,0,2000,2,,,,,,,,,,,,,,,,,,N,N,
2017,1,326,P,"de Blasio, Bill",P,15,ABC,,,R0089924,11/15/2017,,Local 1549 AFSCME,EMPO,,,,M,New York,NY,10007,,,,,,,4950,0,0,2,,,,,,,,,,,,,,,,,,N,N,
2017,1,326,P,"de Blasio, Bill",P,12,ABC,,,R0081379,9/5/2017,,Local 2627 NYC Electronic Data,EMPO,,,,M,New York,NY,10007,,,,,,,500,0,2000,2,,,,,,,,,,,,,,,,,,N,N,
2017,1,326,P,"de Blasio, Bill",P,5,ABC,,,R0047260,7/7/2016,,Local 2627 NYC Electronic Data,EMPO,,,,M,New York,NY,10007,,,,,,,1000,0,0,2,,,,,,,,,,,,,,,,,,N,N,
2017,1,326,P,"de Blasio, Bill",P,6,ABC,,,R0053878,1/11/2017,,Local 2627 NYC Electronic Data,EMPO,,,,M,New York,NY,10007,,,,,,,1000,0,1000,2,,,,,,,,,,,,,,,,,,N,N,
2017,1,326,P,"de Blasio, Bill",P,5,ABC,,,R0045543,6/1/2016,,Local 338 RWDSU/UFCW,PCOMP,,,,Q,Queens,NY,11374,,,,,,,1500,0,0,2,,,,,,,,,,,,,,,,,,N,N,
2017,1,326,P,"de Blasio, Bill",P,5,ABC,,,R0045544,6/3/2016,,Local 338 RWDSU/UFCW,PCOMP,,,,Q,Queens,NY,11374,,,,,,,500,0,1500,2,,,,,,,,,,,,,,,,,,N,N,
2017,1,326,P,"de Blasio, Bill",P,6,ABC,,,R0053543,1/5/2017,,Local 338 RWDSU/UFCW,PCOMP,,,,Z,Mineola,NY,11501,,,,,,,100,0,0,2,,,,,,,,,,,,,,,,,,N,N,
2017,1,326,P,"de Blasio, Bill",P,6,ABC,,,R0053545,1/5/2017,,Local 338 RWDSU/UFCW,PCOMP,,,,Z,Mineola,NY,11501,,,,,,,1500,0,0,2,,,,,,,,,,,,,,,,,,N,N,
2017,1,326,P,"de Blasio, Bill",P,8,ABC,,,R0065639,5/1/2017,,Local 338 RWDSU/UFCW,PCOMP,,,,Z,Mineola,NY,11501,,,,,,,1350,0,1600,2,,,,,,,,,,,,,,,,,,N,N,
2017,1,326,P,"de Blasio, Bill",P,11,ABC,,,R0078391,8/14/2017,,Local 34 Unite Here,EMPO,,,,Z,New Haven,CT,6511,,,,,,,4950,0,0,2,,,,,,,,,,,,,,,,,,N,N,
2017,1,326,P,"de Blasio, Bill",P,7,ABC,,,R0058645,2/16/2017,,Local 342 Political Action Fun,EMPO,,,,Z,Mineola,NY,11501,,,,,,,4500,0,0,2,,,,,,,,,,,,,,,,,,N,N,
2017,1,326,P,"de Blasio, Bill",P,9,M,,,R0072692,2/16/2017,7/6/2017,Local 342 Political Action Fun,EMPO,,,,Z,Mineola,NY,11501,,,,,,,-4500,0,0,0,,,,,,,,,,,,,,,,,2,N,N,
2017,1,326,P,"de Blasio, Bill",P,5,ABC,,,R0044837,5/10/2016,,Local 372 PAC,EMPO,,,,M,New York,NY,10007,,,,,,,1000,0,0,2,,,,,,,,,,,,,,,,,,N,N,
2017,1,326,P,"de Blasio, Bill",P,6,ABC,,,R0053869,1/10/2017,,Local 372 PAC,EMPO,,,,M,New York,NY,10007,,,,,,,1500,0,1000,2,,,,,,,,,,,,,,,,,,N,N,
2017,1,326,P,"de Blasio, Bill",P,7,ABC,,,R0061285,3/11/2017,,Local 372 PAC,EMPO,,,,M,New York,NY,10007,,,,,,,950,0,2500,2,,,,,,,,,,,,,,,,,,N,N,
2017,1,326,P,"de Blasio, Bill",P,5,ABC,,,R0047259,5/17/2016,,"Local 372, NYC BOE Employees P",PCOMP,,,,M,New York,NY,10007,,,,,,,1500,0,0,2,,,,,,,,,,,,,,,,,,N,N,
2017,1,326,P,"de Blasio, Bill",P,5,ABC,,,R0047606,7/8/2016,,Local 461 AFSCME,EMPO,,,,M,New York,NY,10013,,,,,,,1000,0,0,2,,,,,,,,,,,,,,,,,,N,N,
2017,1,326,P,"de Blasio, Bill",P,5,ABC,,,R0047604,7/8/2016,,Local 508 District Council 37,EMPO,,,,M,New York,NY,10007,,,,,,,1000,0,0,2,,,,,,,,,,,,,,,,,,N,N,
2017,1,326,P,"de Blasio, Bill",P,6,ABC,,,R0054027,1/10/2017,,Local 6 Committee on Poltical,PCOMP,,,,M,New York,NY,10036,,,,,,,2450,0,0,2,,,,,,,,,,,,,,,,,,N,N,
2017,1,326,P,"de Blasio, Bill",P,5,ABC,,,R0046785,6/28/2016,,Local 6 Political Action Comm.,PCOMP,,,,M,New York,NY,10036,,,,,,,2500,0,0,2,,,,,,,,,,,,,,,,,,N,N,
2017,1,326,P,"de Blasio, Bill",P,6,ABC,,,R0048467,7/12/2016,,Local 638 Steamfitters,PCOMP,,,,Q,Long Island City,NY,11101,,,,,,,421,0,0,2,,,,,,,,,,,,,,,,,,N,N,
2017,1,326,P,"de Blasio, Bill",P,5,ABC,,,R0047508,6/3/2016,,Local 670 RWDSU UFCW,EMPO,,,,M,New York,NY,10007,,,,,,,1000,0,0,2,,,,,,,,,,,,,,,,,,N,N,
2017,1,326,P,"de Blasio, Bill",P,6,ABC,,,R0048471,7/12/2016,,Local 670-General Fund,PCOMP,,,,M,New York,NY,10007,,,,,,,1000,0,0,2,,,,,,,,,,,,,,,,,,N,N,
2017,1,326,P,"de Blasio, Bill",P,5,ABC,,,R0047255,7/7/2016,,"Local 768, AFSCME",EMPO,,,,M,New York,NY,10007,,,,,,,1000,0,0,2,,,,,,,,,,,,,,,,,,N,N,
2017,1,326,P,"de Blasio, Bill",P,6,ABC,,,R0053881,1/11/2017,,"Local 768, AFSCME",EMPO,,,,M,New York,NY,10007,,,,,,,5000,0,1000,2,,,,,,,,,,,,,,,,,,N,N,
2017,1,326,P,"de Blasio, Bill",P,7,M,,,R0055617,7/7/2016,1/17/2017,"Local 768, AFSCME",EMPO,,,,M,New York,NY,10007,,,,,,,-1000,0,0,0,,,,,,,,,,,,,,,,,2,N,N,
2017,1,326,P,"de Blasio, Bill",P,7,M,,,R0055618,1/11/2017,1/17/2017,"Local 768, AFSCME",EMPO,,,,M,New York,NY,10007,,,,,,,-50,0,0,0,,,,,,,,,,,,,,,,,2,N,N,
2017,1,326,P,"de Blasio, Bill",P,5,ABC,,,R0047572,7/6/2016,,Local 888 UFCW,EMPO,,,,Z,Rutherford,NJ,7071,,,,,,,1000,0,0,2,,,,,,,,,,,,,,,,,,N,N,
2017,1,326,P,"de Blasio, Bill",P,5,ABC,,,R0047503,7/11/2016,,Local 891 IUOE State Engineers,EMPO,,,,K,Brooklyn,NY,11205,,,,,,,4950,0,0,2,,,,,,,,,,,,,,,,,,N,N,
2017,1,326,P,"de Blasio, Bill",P,5,ABC,,,R0046902,7/5/2016,,Local 94 PAC State Fund,PCOMP,,,,M,New York,NY,10036,,,,,,,4950,0,0,2,,,,,,,,,,,,,,,,,,N,N,
2017,1,326,P,"de Blasio, Bill",P,7,ABC,,,R0059902,3/2/2017,,Local 983,EMPO,,,,M,New York,NY,10007,,,,,,,4950,0,0,2,,,,,,,,,,,,,,,,,,N,N,
2017,1,326,P,"de Blasio, Bill",P,4,ABC,,,R0043335,11/12/2015,,Markowitz/Brooklyn,PCOMC,,,,K,Brooklyn,NY,11218,,,,,,,1000,0,0,2,2167,"Davidoff, Sid",,,,New York,NY,10017,Davidoff Malito & Hutcher,605,Third Ave,New York,NY,Partner,,,,N,N,IND
2017,1,326,P,"de Blasio, Bill",P,14,ABC,,,R0084575,10/21/2017,,Mason Tenders District Council,PCOMP,,,,M,New York,NY,10018,,,,,,,4950,0,0,2,,,,,,,,,,,,,,,,,,N,N,
2017,1,AU,P,"Albanese, Sal F",J,10,ABC,,,R0003206,7/25/2017,,Metallic Lathers & Reinforcing,PCOMP,,,,M,New York,NY,10021,,,,,,,4950,0,0,2,,,,,,,,,,,,,,,,,,N,N,
2017,1,2071,P,"Malliotakis, Nicole",H,11,ABC,,,R0010661,8/21/2017,,Metropolitan Funeral Directors,PCOMP,,,,X,Bronx,NY,10464,,,,,,,500,0,0,2,,,,,,,,,,,,,,,,,,N,N,
2017,1,2071,P,"Malliotakis, Nicole",H,8,ABC,,,R0000136,4/26/2017,,Neighborhood Preservation Poli,PCOMP,,,,M,New York,NY,10038,,,,,,,4950,0,0,2,,,,,,,,,,,,,,,,,,N,N,
2017,1,326,P,"de Blasio, Bill",P,10,ABC,,,R0077847,8/7/2017,,New York Admin Employ CWA1180,EMPO,,,,M,New York,NY,10013,,,,,,,2500,0,0,2,,,,,,,,,,,,,,,,,,N,N,
2017,1,326,P,"de Blasio, Bill",P,8,ABC,,,R0066879,5/9/2017,,New York Administrative Employ,EMPO,,,,M,New York,NY,10013,,,,,,,1000,0,0,2,,,,,,,,,,,,,,,,,,N,N,
2017,1,326,P,"de Blasio, Bill",P,10,ABC,,,R0077675,7/21/2017,,New York City Central Labor Co,PCOMP,,,,M,New York,NY,10001,,,,,,,1000,0,0,2,,,,,,,,,,,,,,,,,,N,N,
2017,1,326,P,"de Blasio, Bill",P,12,ABC,,,R0081649,9/18/2017,,New York City Central Labor Co,PCOMP,,,,M,New York,NY,10001,,,,,,,3950,0,1000,2,,,,,,,,,,,,,,,,,,N,N,
2017,1,326,P,"de Blasio, Bill",P,5,ABC,,,R0046786,6/27/2016,,New York Hotel Trades Council,EMPO,,,,M,New York,NY,10036,,,,,,,2500,0,0,2,,,,,,,,,,,,,,,,,,N,N,
2017,1,326,P,"de Blasio, Bill",P,6,ABC,,,R0052809,1/4/2017,,New York Hotel Trades Council,PCOMP,,,,M,New York,NY,10036,,,,,,,2450,0,0,2,,,,,,,,,,,,,,,,,,N,N,
2017,1,326,P,"de Blasio, Bill",P,5,ABC,,,R0047628,7/8/2016,,New York State Laborers PAC,PCOMP,,,,Z,Albany,NY,12211,,,,,,,4950,0,0,2,,,,,,,,,,,,,,,,,,N,N,
2017,1,326,P,"de Blasio, Bill",P,8,ABC,,,R0069881,5/5/2017,,New York UAW Region 9A PAC Cou,PCOMP,,,,Z,Farmington,CT,6032,,,,,,,2950,0,0,2,,,,,,,,,,,,,,,,,,N,N,
2017,1,2071,P,"Malliotakis, Nicole",H,8,ABC,,,R0001090,5/9/2017,,Nicole for New York,OTHR,,,,S,Staten Island,NY,10306,,,,,,,4500,0,0,2,,,,,,,,,,,,,,,,,,N,N,
2017,1,326,P,"de Blasio, Bill",P,4,ABC,,,R0043273,10/26/2015,,Nixon Peabody LLP NYS PAC,PCOMP,,,,Z,Rochester,NY,14604,,,,,,,2000,0,0,2,2166,"Schneur, Eugene",,,,New York,NY,10017,Omni New York,1,Dag Hammarskjold Pl,New York,NY,Real Estate Developer,,,,N,N,IND
2017,1,326,P,"de Blasio, Bill",P,12,ABC,,,R0081644,9/18/2017,,NY Coca Cola Refreshments NONP,PCOMP,,,,Z,Altanta,GA,30313,,,,,,,1000,0,0,2,,,,,,,,,,,,,,,,,,N,N,
2017,1,2071,P,"Malliotakis, Nicole",H,12,ABC,,,R0015122,9/15/2017,,NY Republican County Committee,PCOMC,,,,M,New York,NY,10028,,,,,,,1000,0,0,4,,,,,,,,,,,,,,,,,,N,N,
2017,1,AU,P,"Albanese, Sal F",J,11,ABC,,,R0003513,8/16/2017,,NY State Supreme Court Officer,PCOMP,,,,M,New York,NY,10007,,,,,,,2000,0,1500,2,,,,,,,,,,,,,,,,,,N,N,
2017,1,AU,P,"Albanese, Sal F",J,8,ABC,,,R0001848,4/20/2017,,NY State Supreme Court Officer,PCOMP,,,,M,New York,NY,10007,,,,,,,1500,0,0,2,,,,,,,,,,,,,,,,,,N,N,
2017,1,AU,P,"Albanese, Sal F",J,9,M,,,R0002784,4/20/2017,7/7/2017,NY State Supreme Court Officer,PCOMP,,,,M,New York,NY,10007,,,,,,,-1500,0,0,0,,,,,,,,,,,,,,,,,2,N,N,
2017,1,326,P,"de Blasio, Bill",P,4,ABC,,,R0043128,10/23/2015,,NYC Property Tax Fairness PAC,PCOMP,,,,Z,Albany,NY,12207,,,,,,,2500,0,0,2,2165,"Capalino, James F",,,,New York,NY,10029,Capalino & Company,233,Broadway,New York,NY,president,,,,N,N,IND
2017,1,326,P,"de Blasio, Bill",P,5,ABC,,,R0046898,7/1/2016,,NYSNA,PCOMP,,,,Z,Albany,NY,12210,,,,,,,4950,0,0,2,,,,,,,,,,,,,,,,,,N,N,
2017,1,326,P,"de Blasio, Bill",P,4,ABC,,,R0043270,10/16/2015,,Oilheat PAC,PCOMP,,,,M,New York,NY,10122,,,,,,,2500,0,0,2,2145,"Woloz, Michael",,,,Astoria,NY,11105,Connelly McLaughlin & Woloz,233,Broadway,New York,NY,PR,,,,N,N,IND
2017,1,51,UN,"Avella, Tony",N,7,ABC,,,R0000041,2/4/2017,,Patrolman's Benevolent Assoc P,PCOMP,,,,M,New York,NY,10004,,,,,,,4950,0,0,2,,,,,,,,,,,,,,,,,,N,N,
2017,1,AU,P,"Albanese, Sal F",J,10,ABC,,,R0003236,8/2/2017,,Patrolmen's Benevolent Associa,PCOMP,,,,M,New York,NY,10004,,,,,,,4950,0,0,2,,,,,,,,,,,,,,,,,,N,N,
2017,1,326,P,"de Blasio, Bill",P,15,ABC,,,R0089926,11/15/2017,,PFT Comittee to Support Public,EMPO,,,,Z,Philadelphia,PA,19103,,,,,,,1000,0,0,2,,,,,,,,,,,,,,,,,,N,N,
2017,1,326,P,"de Blasio, Bill",P,8,ABC,,,R0064275,4/10/2017,,Plumbers & Pipefitters Local 4,EMPO,,,,Z,Sacramento,CA,95819,,,,,,,4950,0,0,2,,,,,,,,,,,,,,,,,,N,N,
2017,1,326,P,"de Blasio, Bill",P,5,ABC,,,R0047607,7/11/2016,,Plumbers Loc. Union #1 NYC PAC,PCOMP,,,,Q,Long Island City,NY,11101,,,,,,,1000,0,0,2,,,,,,,,,,,,,,,,,,N,N,
2017,1,326,P,"de Blasio, Bill",P,6,ABC,,,R0053546,1/9/2017,,Plumbers Loc. Union #1 NYC PAC,PCOMP,,,,Q,Long Island City,NY,11101,,,,,,,1000,0,1000,2,,,,,,,,,,,,,,,,,,N,N,
2017,1,326,P,"de Blasio, Bill",P,15,ABC,,,R0089918,11/15/2017,,Progress & Justice Politcal Ac,PCOMP,,,,Z,Newark,NJ,7104,,,,,,,4950,0,0,2,,,,,,,,,,,,,,,,,,N,N,
2017,1,326,P,"de Blasio, Bill",P,6,ABC,,,R0054035,1/11/2017,,PSC PAC,PCOMP,,,,M,New York,NY,10006,,,,,,,3500,0,0,2,,,,,,,,,,,,,,,,,,N,N,
2017,1,326,P,"de Blasio, Bill",P,9,ABC,,,R0072710,7/6/2017,,PSC PAC,PCOMP,,,,M,New York,NY,10006,,,,,,,1450,0,3500,2,,,,,,,,,,,,,,,,,,N,N,
2017,1,326,P,"de Blasio, Bill",P,5,ABC,,,R0045548,6/7/2016,,Retail Wholesale & Dept. store,PCOMP,,,,M,New York,NY,10001,,,,,,,4379.76,0,0,2,,,,,,,,,,,,,,,,,,N,N,
2017,1,326,P,"de Blasio, Bill",P,8,ABC,,,R0066365,5/3/2017,,Richards 2017,PCOMC,,,,Q,Rosedale,NY,11422,,,,,,,250,0,0,2,,,,,,,,,,,,,,,,,,N,N,
2017,1,326,P,"de Blasio, Bill",P,8,ABC,,,R0067002,5/9/2017,,Richards 2017,PCOMC,,,,Q,Rosedale,NY,11422,,,,,,,1000,0,250,2,,,,,,,,,,,,,,,,,,N,N,
2017,1,2071,P,"Malliotakis, Nicole",H,15,ABC,,,R0026167,11/9/2017,,RPAC OF NEW YORK STATE,PCOMP,,,,K,Brooklyn,NY,11210,,,,,,,3525,0,0,2,,,,,,,,,,,,,,,,,,N,N,
2017,1,AU,P,"Albanese, Sal F",J,8,ABC,,,R0001846,4/25/2017,,Sanitation Officers Associatio,PCOMP,,,,K,Brooklyn,NY,11214,,,,,,,500,0,0,2,,,,,,,,,,,,,,,,,,N,N,
2017,1,326,P,"de Blasio, Bill",P,6,ABC,,,R0052816,1/5/2017,,SEIU C.O.P.E.,PCOMP,,,,Z,Washington,DC,20036,,,,,,,4950,0,0,2,,,,,,,,,,,,,,,,,,N,N,
2017,1,326,P,"de Blasio, Bill",P,7,M,,,R0057877,1/5/2017,2/24/2017,SEIU C.O.P.E.,PCOMP,,,,Z,Washington,DC,20036,,,,,,,-4950,0,0,0,,,,,,,,,,,,,,,,,2,N,N,
2017,1,326,P,"de Blasio, Bill",P,8,ABC,,,R0064233,4/10/2017,,SEIU Local 1957 Committee Of I,EMPO,,,,M,New York,NY,10018,,,,,,,4950,0,0,2,,,,,,,,,,,,,,,,,,N,N,
2017,1,326,P,"de Blasio, Bill",P,7,ABC,,,R0061291,3/11/2017,,SEIU PEA State Fund,EMPO,,,,Z,Washington,DC,20036,,,,,,,4950,0,0,2,,,,,,,,,,,,,,,,,,N,N,
2017,1,2071,P,"Malliotakis, Nicole",H,8,ABC,,,R0001102,5/9/2017,,Sergeants Benevolent Assoc. Po,PCOMP,,,,M,New York,NY,10013,,,,,,,4900,0,0,2,,,,,,,,,,,,,,,,,,N,N,
2017,1,326,P,"de Blasio, Bill",P,5,ABC,,,R0047544,7/11/2016,,Social Serv Emps Union 371,EMPO,,,,M,New York,NY,10003,,,,,,,2500,0,0,2,,,,,,,,,,,,,,,,,,N,N,
2017,1,326,P,"de Blasio, Bill",P,13,ABC,,,R0083420,9/25/2017,,Social Serv Emps Union Loc 371,EMPO,,,,M,New York,NY,10003,,,,,,,2000,0,0,2,,,,,,,,,,,,,,,,,,N,N,
2017,1,326,P,"de Blasio, Bill",P,6,ABC,,,R0053872,1/10/2017,,SSL Political Action Committee,PCOMP,,,,M,New York,NY,10038,,,,,,,4950,0,0,2,,,,,,,,,,,,,,,,,,N,N,
2017,1,326,P,"de Blasio, Bill",P,15,ABC,,,R0088396,10/29/2017,,State and Local PAC of the Int,PCOMP,,,,M,New York,NY,10001,,,,,,,1000,0,0,2,,,,,,,,,,,,,,,,,,N,N,
2017,1,2071,P,"Malliotakis, Nicole",H,10,ABC,,,R0008531,7/26/2017,,State Conservative Campaign Co,PCOMP,,,,K,Brooklyn,NY,11209,,,,,,,1000,0,175,2,,,,,,,,,,,,,,,,,,N,N,
2017,1,2071,P,"Malliotakis, Nicole",H,9,ABC,,,R0004848,6/29/2017,,State Conservative Campaign Co,PCOMP,,,,K,Brooklyn,NY,11209,,,,,,,175,0,0,2,,,,,,,,,,,,,,,,,,N,N,
2017,1,326,P,"de Blasio, Bill",P,8,ABC,,,R0064727,4/14/2017,,Steinberg for Sacramento Mayor,PCOMC,,,,Z,Sacramento,CA,95814,,,,,,,1000,0,0,2,,,,,,,,,,,,,,,,,,N,N,
2017,1,326,P,"de Blasio, Bill",P,8,ABC,,,R0064728,4/14/2017,,Steinberg for Sacramento Mayor,PCOMC,,,,Z,Sacramento,CA,95814,,,,,,,1000,0,0,2,,,,,,,,,,,,,,,,,,N,N,
2017,1,326,P,"de Blasio, Bill",P,11,ABC,,,R0079322,8/28/2017,,STONEWALL DEMOCRATS,OTHR,,,,,New York,NY,10013,,,,,,,100,0,0,2,,,,,,,,,,,,,,,,,,N,N,
2017,1,2071,P,"Malliotakis, Nicole",H,10,ABC,,,R0008924,7/28/2017,,TEST DONATION,OTHR,,,,Z,BATON ROUGE,LA,70810,,,,,,,1,0,0,4,,,,,,,,,,,,,,,,,,N,N,
2017,1,2071,P,"Malliotakis, Nicole",H,10,M,,,R0008925,7/28/2017,7/28/2017,TEST DONATION,OTHR,,,,Z,BATON ROUGE,LA,70810,,,,,,,-1,0,0,0,,,,,,,,,,,,,,,,,2,N,N,
2017,1,326,P,"de Blasio, Bill",P,15,ABC,,,R0088341,11/2/2017,,Texas American Federation of T,PCOMP,,,,Z,Austin,TX,78704,,,,,,,1000,0,0,2,,,,,,,,,,,,,,,,,,N,N,
2017,1,2071,P,"Malliotakis, Nicole",H,9,ABC,,,R0006813,7/10/2017,,The Captains Endowment Assn. P,PCOMZ,,,,M,New York,NY,10038,,,,,,,1000,0,0,2,,,,,,,,,,,,,,,,,,N,N,
2017,1,326,P,"de Blasio, Bill",P,8,ABC,,,R0067069,5/9/2017,,The Edward Lewis Revocable Tru,OTHR,,,,M,New York,NY,10024,,,,,,,1000,0,0,2,,,,,,,,,,,,,,,,,,N,N,
2017,1,326,P,"de Blasio, Bill",P,8,ABC,,,R0064216,4/6/2017,,The Katzenberg Family Trust,OTHR,,,,Z,Los Angeles,CA,90064,,,,,,,4950,0,0,2,,,,,,,,,,,,,,,,,,N,N,
2017,1,326,P,"de Blasio, Bill",P,8,ABC,,,R0064222,4/6/2017,,The Spielberg Family Living Tr,OTHR,,,,Z,Los Angeles,CA,90064,,,,,,,4950,0,0,2,,,,,,,,,,,,,,,,,,N,N,
2017,1,326,P,"de Blasio, Bill",P,15,ABC,,,R0088289,10/30/2017,,Theatrical Teamsters Local 817,PCOMP,,,,Z,Great Neck,NY,11021,,,,,,,4950,0,0,2,,,,,,,,,,,,,,,,,,N,N,
2017,1,326,P,"de Blasio, Bill",P,7,ABC,,,R0059585,3/3/2017,,Thomas M Tully Trust,OTHR,,,,Z,Chicago,IL,60602,,,,,,,1500,0,0,2,,,,,,,,,,,,,,,,,,N,N,
2017,1,326,P,"de Blasio, Bill",P,14,ABC,,,R0083921,10/11/2017,,TPU Local One IATSE NYC,PCOMP,,,,M,New York,NY,10036,,,,,,,2450,0,2500,2,,,,,,,,,,,,,,,,,,N,N,
2017,1,326,P,"de Blasio, Bill",P,5,ABC,,,R0046820,7/5/2016,,TPU Local One IATSE NYC,PCOMP,,,,M,New York,NY,10036,,,,,,,2500,0,0,2,,,,,,,,,,,,,,,,,,N,N,
2017,1,326,P,"de Blasio, Bill",P,6,ABC,,,R0053548,1/9/2017,,UA Political Action Fund,PCOMP,,,,Z,Annapolis,MD,21401,,,,,,,4950,0,0,2,,,,,,,,,,,,,,,,,,N,N,
2017,1,326,P,"de Blasio, Bill",P,7,M,,,R0057774,1/9/2017,2/13/2017,UA Political Action Fund,PCOMP,,,,Z,Annapolis,MD,21401,,,,,,,-4950,0,0,0,,,,,,,,,,,,,,,,,2,N,N,
2017,1,326,P,"de Blasio, Bill",P,5,ABC,,,R0047553,7/11/2016,,UAW Region 9A,PCOMP,,,,Z,Farmington,CT,6032,,,,,,,4950,0,0,2,,,,,,,,,,,,,,,,,,N,N,
2017,1,326,P,"de Blasio, Bill",P,5,ABC,,,R0047921,7/11/2016,,UAW Region 9A PAC Council,PCOMP,,,,Z,Farmington,CT,6032,,,,,,,2000,0,0,2,,,,,,,,,,,,,,,,,,N,N,
2017,1,AU,P,"Albanese, Sal F",J,9,ABC,,,R0002712,7/7/2017,,UFOA,PCOMP,,,,M,New York,NY,10038,,,,,,,500,0,0,2,,,,,,,,,,,,,,,,,,N,N,
2017,1,2071,P,"Malliotakis, Nicole",H,12,ABC,,,R0013852,9/18/2017,,UFOA 527 ACCOUNT,EMPO,,,,M,New York,NY,10038,,,,,,,500,0,0,2,,,,,,,,,,,,,,,,,,N,N,
2017,1,326,P,"de Blasio, Bill",P,5,ABC,,,R0047028,7/7/2016,,UFT Cope,EMPO,,,,M,New York,NY,10010,,,,,,,4950,0,0,2,,,,,,,,,,,,,,,,,,N,N,
2017,1,326,P,"de Blasio, Bill",P,5,ABC,,,R0047540,7/11/2016,,Uniformed Fire Officers Assoc,EMPO,,,,M,New York,NY,10007,,,,,,,4950,0,0,2,,,,,,,,,,,,,,,,,,N,N,
2017,1,2071,P,"Malliotakis, Nicole",H,12,ABC,,,R0011398,8/31/2017,,UNIFORMED FIRE OFFICERS ASSOCI,PCOMP,,,,M,New York,NY,10038,,,,,,,500,0,0,2,,,,,,,,,,,,,,,,,,N,N,
2017,1,326,P,"de Blasio, Bill",P,4,ABC,,,R0043120,10/15/2015,,Uniformed Sanitationmen's Assn,EMPO,,,,M,New York,NY,10038,,,,,,,4950,0,0,2,,,,,,,,,,,,,,,,,,N,N,
2017,1,326,P,"de Blasio, Bill",P,16,ABC,,,R0091056,8/17/2017,,UNITE HERE Local 1,EMPO,,,,Z,Chicago,IL,60605,,,,,,,4950,0,0,3,,,,,,,,,,,,,,,,,,N,N,
2017,1,326,P,"de Blasio, Bill",P,5,ABC,,,R0047253,7/8/2016,,UNITE Here Local 100,EMPO,,,,M,New York,NY,10001,,,,,,,4950,0,0,2,,,,,,,,,,,,,,,,,,N,N,
2017,1,326,P,"de Blasio, Bill",P,10,ABC,,,R0076701,7/25/2017,,UNITE HERE Local 2 PAC,PCOMZ,,,,Z,San Francisco,CA,94102,,,,,,,4950,0,0,3,,,,,,,,,,,,,,,,,,N,N,
2017,1,326,P,"de Blasio, Bill",P,8,ABC,,,R0064203,4/10/2017,,Unite Here Local 49,EMPO,,,,Z,Sacramento,CA,95815,,,,,,,1500,0,0,2,,,,,,,,,,,,,,,,,,N,N,
2017,1,326,P,"de Blasio, Bill",P,6,ABC,,,R0054032,1/11/2017,,UNITE Here TIP State & Local F,PCOMP,,,,M,New York,NY,10001,,,,,,,4950,0,0,2,,,,,,,,,,,,,,,,,,N,N,
2017,1,326,P,"de Blasio, Bill",P,8,ABC,,,R0064465,4/13/2017,,Unite Here Union Local 19,EMPO,,,,Z,San Jose,CA,95131,,,,,,,1500,0,0,2,,,,,,,,,,,,,,,,,,N,N,
2017,1,326,P,"de Blasio, Bill",P,7,ABC,,,R0059601,3/3/2017,,Unite Here Union/Local 450,EMPO,,,,Z,Forest Park,IL,60130,,,,,,,4950,0,0,2,,,,,,,,,,,,,,,,,,N,N,
2017,1,326,P,"de Blasio, Bill",P,7,ABC,,,R0059589,3/3/2017,,United Association of Journeym,EMPO,,,,Z,Annapolis,MD,21401,,,,,,,4950,0,0,2,,,,,,,,,,,,,,,,,,N,N,
2017,1,326,P,"de Blasio, Bill",P,10,M,,,R0076742,3/3/2017,7/26/2017,United Association of Journeym,EMPO,,,,Z,Annapolis,MD,21401,,,,,,,-4950,0,0,0,,,,,,,,,,,,,,,,,2,N,N,
2017,1,326,P,"de Blasio, Bill",P,6,ABC,,,R0054030,1/10/2017,,United Food and Commercial Wor,EMPO,,,,Z,Washington,DC,20006,,,,,,,4950,0,0,2,,,,,,,,,,,,,,,,,,N,N,
2017,1,326,P,"de Blasio, Bill",P,7,ABC,,,R0059581,3/9/2017,,United Food and Commercial Wor,EMPO,,,,Z,Washington,DC,20006,,,,,,,4950,0,4950,2,,,,,,,,,,,,,,,,,,N,N,
2017,1,326,P,"de Blasio, Bill",P,7,M,,,R0057878,1/10/2017,2/24/2017,United Food and Commercial Wor,EMPO,,,,Z,Washington,DC,20006,,,,,,,-4950,0,0,0,,,,,,,,,,,,,,,,,2,N,N,
2017,1,326,P,"de Blasio, Bill",P,6,ABC,,,R0053551,1/4/2017,,"USW D-4 NY, NJ, DE, ME",PCOMP,,,,Z,Cheektowaga,NY,14225,,,,,,,2500,0,0,2,,,,,,,,,,,,,,,,,,N,N,
2017,1,326,P,"de Blasio, Bill",P,15,ABC,,,R0088439,11/5/2017,,Van Bramer 2017,PCOMP,,,,M,New York,NY,10016,,,,,,,4950,0,0,2,,,,,,,,,,,,,,,,,,N,N,
2017,1,326,P,"de Blasio, Bill",P,15,ABC,,,R0088549,11/7/2017,,Voice of Teachers for Educatio,PCOMP,,,,Z,Latham,NY,12110,,,,,,,4950,0,0,2,,,,,,,,,,,,,,,,,,N,N,
